ID,Name,searchstring,Country,Played
6278,B Lee (Brett Lee),B Lee,AUS,"Test matches player (1999/00 - 2008/09, 76 matches)One-Day Internationals player (1999/00 - 2012, 221 matches)Twenty20 Internationals player (2004/05 - 2011/12, 25 matches)Combined Test, ODI and T20I player (1999/00 - 2012)Under-19s Youth Test matches player (1993/94 - 1994/95, 6 matches)Under-19s Youth One-Day Internationals player (1993/94 - 1994/95, 5 matches)Twenty20 matches player (2004/05 - 2014/15, 120 matches)"
1289936,B Leephatthana (Banthida Leephatthana),B Lee,THA,"Women's One-Day Internationals player (2022/23 - 2023, 4 matches)Women's Twenty20 Internationals player (2022/23 - 2023, 4 matches)Women's Twenty20 player (2022/23 - 2023, 4 matches)"
311592,MA Starc (Mitchell Starc),MA Starc,AUS,"Test matches player (2011/12 - 2025/26, 105 matches)One-Day Internationals player (2010/11 - 2025/26, 130 matches)Twenty20 Internationals player (2012 - 2024, 65 matches)Combined Test, ODI and T20I player (2010/11 - 2025/26)Under-19s Youth One-Day Internationals player (2007/08, 4 matches)Twenty20 matches player (2009/10 - 2025/26, 158 matches)"
288284,JR Hazlewood (Josh Hazlewood),JR Hazlewood,AUS,"Test matches player (2014/15 - 2025, 76 matches)One-Day Internationals player (2010 - 2025/26, 96 matches)Twenty20 Internationals player (2012/13 - 2025/26, 60 matches)Combined Test, ODI and T20I player (2010 - 2025/26)Under-19s Youth One-Day Internationals player (2007/08 - 2009/10, 15 matches)Twenty20 matches player (2009/10 - 2025/26, 127 matches)"
51439,DJ Bravo (Dwayne Bravo),DJ Bravo,WI,"Test matches player (2004 - 2010/11, 40 matches)One-Day Internationals player (2003/04 - 2014/15, 164 matches)Twenty20 Internationals player (2005/06 - 2021/22, 91 matches)Combined Test, ODI and T20I player (2003/04 - 2021/22)Under-19s Youth One-Day Internationals player (2001/02, 7 matches)Twenty20 matches player (2005/06 - 2024, 582 matches)"
6441,SCG MacGill (Stuart MacGill),SCG MacGill,AUS,"Test matches player (1997/98 - 2008, 44 matches)One-Day Internationals player (1999/00, 3 matches)Combined Test, ODI and T20I player (1997/98 - 2008)Twenty20 matches player (2003 - 2011/12, 13 matches)"
267192,SPD Smith (Steven Smith),SPD Smith,AUS,"Test matches player (2010 - 2025/26, 123 matches)One-Day Internationals player (2009/10 - 2024/25, 170 matches)Twenty20 Internationals player (2009/10 - 2023/24, 67 matches)Combined Test, ODI and T20I player (2009/10 - 2025/26)Under-19s Youth One-Day Internationals player (2007/08, 4 matches)Twenty20 matches player (2007/08 - 2026, 274 matches)"
5593,NM Hauritz (Nathan Hauritz),NM Hauritz,AUS,"Test matches player (2004/05 - 2010/11, 17 matches)One-Day Internationals player (2001/02 - 2010/11, 58 matches)Twenty20 Internationals player (2009, 3 matches)Combined Test, ODI and T20I player (2001/02 - 2010/11)Under-19s Youth Test matches player (1999 - 2000/01, 6 matches)Under-19s Youth One-Day Internationals player (1999 - 2000/01, 14 matches)Twenty20 matches player (2005/06 - 2015/16, 53 matches)"
333810,AC McDermott (Alister McDermott),AC McDermott,AUS,"Under-19s Youth Test matches player (2009, 1 match)Under-19s Youth One-Day Internationals player (2009 - 2009/10, 8 matches)Twenty20 matches player (2008/09 - 2014/15, 25 matches)"
4864,DT Christian (Dan Christian),DT Christian,AUS,"One-Day Internationals player (2011/12 - 2021, 20 matches)Twenty20 Internationals player (2009/10 - 2021, 23 matches)Combined Test, ODI and T20I player (2009/10 - 2021)Under-19s Youth One-Day Internationals player (2001/02, 4 matches)Twenty20 matches player (2005/06 - 2024/25, 412 matches)"
5702,JR Hopes (James Hopes),JR Hopes,AUS,"One-Day Internationals player (2004/05 - 2010/11, 84 matches)Twenty20 Internationals player (2004/05 - 2010, 12 matches)Combined Test, ODI and T20I player (2004/05 - 2010/11)Under-19s Youth Test matches player (1996/97 - 1997/98, 3 matches)Under-19s Youth One-Day Internationals player (1996/97 - 1997/98, 12 matches)Twenty20 matches player (2004/05 - 2015/16, 93 matches)"
333805,ND Buchanan (Nick Buchanan),ND Buchanan,AUS,"Under-19s Youth One-Day Internationals player (2009/10, 6 matches)Twenty20 matches player (2011/12 - 2016/17, 5 matches)"
326637,CA Lynn (Chris Lynn),CA Lynn,AUS,"One-Day Internationals player (2016/17 - 2018/19, 4 matches)Twenty20 Internationals player (2013/14 - 2018/19, 18 matches)Combined Test, ODI and T20I player (2013/14 - 2018/19)Twenty20 matches player (2009/10 - 2025/26, 306 matches)"
51880,CH Gayle (Chris Gayle),CH Gayle,WI,"Test matches player (1999/00 - 2014, 103 matches)One-Day Internationals player (1999 - 2019, 301 matches)Twenty20 Internationals player (2005/06 - 2021/22, 79 matches)Combined Test, ODI and T20I player (1999 - 2021/22)Under-19s Youth Test matches player (1996/97, 1 match)Under-19s Youth One-Day Internationals player (1997/98, 7 matches)Twenty20 matches player (2005 - 2021/22, 463 matches)"
4508,DE Bollinger (Doug Bollinger),DE Bollinger,AUS,"Test matches player (2008/09 - 2010/11, 12 matches)One-Day Internationals player (2009 - 2011/12, 39 matches)Twenty20 Internationals player (2011/12 - 2014/15, 9 matches)Combined Test, ODI and T20I player (2008/09 - 2014/15)Twenty20 matches player (2005/06 - 2017/18, 129 matches)"
51782,FH Edwards (Fidel Edwards),FH Edwards,WI,"Test matches player (2003 - 2012/13, 55 matches)One-Day Internationals player (2003/04 - 2009, 50 matches)Twenty20 Internationals player (2007/08 - 2021, 26 matches)Combined Test, ODI and T20I player (2003 - 2021)Twenty20 matches player (2006 - 2021, 119 matches)"
4886,SJ Coyte (Scott Coyte),SJ Coyte,AUS,"Under-19s Youth One-Day Internationals player (2003/04, 3 matches)Twenty20 matches player (2006/07 - 2013/14, 25 matches)"
374934,SJ Coyte (Sarah Coyte),SJ Coyte,AUS,"Women's One-Day Internationals player (2010/11 - 2015/16, 30 matches)Women's Twenty20 Internationals player (2010/11 - 2015/16, 47 matches)Women's Test matches player (2010/11 - 2015, 4 matches)Women's Twenty20 player (2010/11 - 2025/26, 193 matches)"
333785,LA Doran (Luke Doran),LA Doran,AUS,"Under-19s Youth Test matches player (2009, 2 matches)Under-19s Youth One-Day Internationals player (2009 - 2009/10, 11 matches)Twenty20 matches player (2010/11 - 2014/15, 15 matches)"
398666,SA Abbott (Sean Abbott),SA Abbott,AUS,"One-Day Internationals player (2014/15 - 2025, 29 matches)Twenty20 Internationals player (2014/15 - 2025/26, 29 matches)Combined Test, ODI and T20I player (2014/15 - 2025/26)Under-19s Youth Test matches player (2009, 1 match)Under-19s Youth One-Day Internationals player (2009 - 2009/10, 7 matches)Twenty20 matches player (2010/11 - 2025/26, 208 matches)"
270484,JP Faulkner (James Faulkner),JP Faulkner,AUS,"Test matches player (2013, 1 match)One-Day Internationals player (2012/13 - 2017/18, 69 matches)Twenty20 Internationals player (2011/12 - 2016/17, 24 matches)Combined Test, ODI and T20I player (2011/12 - 2017/18)Under-19s Youth One-Day Internationals player (2007/08, 11 matches)Twenty20 matches player (2009/10 - 2021/22, 223 matches)"
12461,JW Dernbach (Jade Dernbach),JW Dernbach,ENG/ITA,"One-Day Internationals player (2011 - 2013, 24 matches)Twenty20 Internationals player (2011 - 2021/22, 40 matches)Combined Test, ODI and T20I player (2011 - 2021/22)Twenty20 matches player (2005 - 2021/22, 171 matches)"
6903,CJ McKay (Clint McKay),CJ McKay,AUS,"Test matches player (2009/10, 1 match)One-Day Internationals player (2009/10 - 2013/14, 59 matches)Twenty20 Internationals player (2010/11 - 2013/14, 6 matches)Combined Test, ODI and T20I player (2009/10 - 2013/14)Twenty20 matches player (2007/08 - 2017, 115 matches)"
23460,LJ Wright (Luke Wright),LJ Wright,ENG,"One-Day Internationals player (2007 - 2013/14, 50 matches)Twenty20 Internationals player (2007/08 - 2013/14, 51 matches)Combined Test, ODI and T20I player (2007 - 2013/14)Under-19s Youth Test matches player (2002/03 - 2004, 7 matches)Under-19s Youth One-Day Internationals player (2002/03 - 2003/04, 13 matches)Twenty20 matches player (2004 - 2022, 344 matches)"
5766,DJ Hussey (David Hussey),DJ Hussey,AUS,"One-Day Internationals player (2008 - 2012/13, 69 matches)Twenty20 Internationals player (2007/08 - 2012/13, 39 matches)Combined Test, ODI and T20I player (2007/08 - 2012/13)Under-19s Youth Test matches player (1995/96, 2 matches)Under-19s Youth One-Day Internationals player (1995/96, 3 matches)Twenty20 matches player (2004 - 2016/17, 267 matches)"
8166,SK Warne (Shane Warne),SK Warne,AUS,"Test matches player (1991/92 - 2006/07, 145 matches)One-Day Internationals player (1992/93 - 2004/05, 194 matches)Combined Test, ODI and T20I player (1991/92 - 2006/07)Under-19s Youth Test matches player (1990, 3 matches)Twenty20 matches player (2004 - 2012/13, 73 matches)"
8076,SW Tait (Shaun Tait),SW Tait,AUS,"Test matches player (2005 - 2007/08, 3 matches)One-Day Internationals player (2006/07 - 2010/11, 35 matches)Twenty20 Internationals player (2007/08 - 2015/16, 21 matches)Combined Test, ODI and T20I player (2005 - 2015/16)Twenty20 matches player (2004/05 - 2016/17, 171 matches)"
307495,MA Beer (Michael Beer),MA Beer,AUS,"Test matches player (2010/11 - 2011/12, 2 matches)Twenty20 matches player (2010/11 - 2018/19, 71 matches)"
6981,DP Nannes (Dirk Nannes),DP Nannes,AUS/NED,"One-Day Internationals player (2009, 1 match)Twenty20 Internationals player (2009 - 2010/11, 17 matches)Combined Test, ODI and T20I player (2009 - 2010/11)Twenty20 matches player (2007/08 - 2014/15, 215 matches)"
7443,NJ Rimmington (Nathan Rimmington),NJ Rimmington,AUS,"Twenty20 matches player (2005/06 - 2020, 118 matches)"
325026,GJ Maxwell (Glenn Maxwell),GJ Maxwell,AUS,"Test matches player (2012/13 - 2017, 7 matches)One-Day Internationals player (2012 - 2024/25, 149 matches)Twenty20 Internationals player (2012 - 2025/26, 130 matches)Combined Test, ODI and T20I player (2012 - 2025/26)Twenty20 matches player (2009/10 - 2025/26, 503 matches)"
39836,Abdul Razzaq,Abdul Razzaq,PAK,"Test matches player (1999/00 - 2006/07, 46 matches)One-Day Internationals player (1996/97 - 2011/12, 265 matches)Twenty20 Internationals player (2006 - 2013/14, 32 matches)Combined Test, ODI and T20I player (1996/97 - 2013/14)Under-19s Youth Test matches player (1996/97 - 1997/98, 12 matches)Under-19s Youth One-Day Internationals player (1996/97 - 1997/98, 17 matches)Twenty20 matches player (2003 - 2018/19, 142 matches)"
272450,MR Marsh (Mitchell Marsh),MR Marsh,AUS,"Test matches player (2014/15 - 2024/25, 46 matches)One-Day Internationals player (2011/12 - 2025/26, 99 matches)Twenty20 Internationals player (2011/12 - 2025/26, 85 matches)Combined Test, ODI and T20I player (2011/12 - 2025/26)Under-19s Youth Test matches player (2009, 2 matches)Under-19s Youth One-Day Internationals player (2009 - 2009/10, 9 matches)Twenty20 matches player (2009/10 - 2026, 234 matches)"
5197,BM Edmondson (Ben Edmondson),BM Edmondson,AUS,"Twenty20 matches player (2005/06 - 2012/13, 50 matches)"
326023,Mushahid Afridi,Shahid Afridi,PAK,"Under-19s Youth Test matches player (1989/90, 3 matches)Under-19s Youth One-Day Internationals player (1989/90 - 1990, 3 matches)"
42639,Shahid Afridi,Shahid Afridi,PAK,"Test matches player (1998/99 - 2010, 27 matches)One-Day Internationals player (1996/97 - 2014/15, 398 matches)Twenty20 Internationals player (2006 - 2018, 99 matches)Combined Test, ODI and T20I player (1996/97 - 2018)Under-19s Youth Test matches player (1995/96 - 1996/97, 5 matches)Twenty20 matches player (2004 - 2021/22, 329 matches)"
1380679,Shahid Afridi,Shahid Afridi,GER,"Twenty20 Internationals player (2023 - 2025, 13 matches)Twenty20 matches player (2023 - 2025, 13 matches)"
5966,AK Heal (Aaron Heal),AK Heal,AUS,"Twenty20 matches player (2006/07 - 2011/12, 23 matches)"
5681,GB Hogg (Brad Hogg),GB Hogg,AUS,"Test matches player (1996/97 - 2007/08, 7 matches)One-Day Internationals player (1996 - 2007/08, 123 matches)Twenty20 Internationals player (2005/06 - 2013/14, 15 matches)Combined Test, ODI and T20I player (1996 - 2013/14)Twenty20 matches player (2004 - 2017/18, 141 matches)"
6553,AB McDonald (Andrew McDonald),AB McDonald,AUS,"Test matches player (2008/09, 4 matches)Under-19s Youth One-Day Internationals player (1999/00, 7 matches)Twenty20 matches player (2005/06 - 2015/16, 93 matches)"
10772,PD Collingwood (Paul Collingwood),PD Collingwood,ENG,"Test matches player (2003/04 - 2010/11, 68 matches)One-Day Internationals player (2001 - 2010/11, 197 matches)Twenty20 Internationals player (2005 - 2017/18, 36 matches)Combined Test, ODI and T20I player (2001 - 2017/18)Twenty20 matches player (2005 - 2018, 148 matches)"
47569,AC Thomas (Alfonso Thomas),AC Thomas,SA,"Twenty20 Internationals player (2006/07, 1 match)Twenty20 matches player (2003/04 - 2015, 225 matches)"
6235,JJ Krejza (Jason Krejza),JJ Krejza,AUS,"Test matches player (2008/09, 2 matches)One-Day Internationals player (2010/11, 8 matches)Combined Test, ODI and T20I player (2008/09 - 2010/11)Twenty20 matches player (2007/08 - 2012/13, 29 matches)"
7025,AW O'Brien (Aaron O'Brien),AW O'Brien,AUS,"Under-19s Youth Test matches player (2000/01, 3 matches)Under-19s Youth One-Day Internationals player (1999/00 - 2000/01, 11 matches)Twenty20 matches player (2005/06 - 2013/14, 58 matches)"
5941,BW Hilfenhaus (Ben Hilfenhaus),BW Hilfenhaus,AUS,"Test matches player (2008/09 - 2012/13, 27 matches)One-Day Internationals player (2006/07 - 2012, 25 matches)Twenty20 Internationals player (2006/07 - 2012, 7 matches)Combined Test, ODI and T20I player (2006/07 - 2012/13)Twenty20 matches player (2005/06 - 2017, 96 matches)"
1495702,CJ Botha (Corne Botha),J Botha,SA,"Under-19s Youth One-Day Internationals player (2025 - 2025/26, 6 matches)"
44149,J Botha (Johan Botha),J Botha,SA,"Test matches player (2005/06 - 2010/11, 5 matches)One-Day Internationals player (2005/06 - 2011/12, 78 matches)Twenty20 Internationals player (2005/06 - 2012/13, 40 matches)Combined Test, ODI and T20I player (2005/06 - 2012/13)Under-19s Youth Test matches player (2000/01, 2 matches)Under-19s Youth One-Day Internationals player (1999/00 - 2000/01, 9 matches)Twenty20 matches player (2003/04 - 2020/21, 222 matches)"
1344016,J Botha (Jemma Botha),J Botha,SA,"Women's Twenty20 player (2023/24, 6 matches)"
1484009,J Botha (Jenna-May Botha),J Botha,ENG,"Women's Twenty20 player (2025, 2 matches)"
272262,KW Richardson (Kane Richardson),KW Richardson,AUS,"One-Day Internationals player (2012/13 - 2019/20, 25 matches)Twenty20 Internationals player (2014/15 - 2023/24, 36 matches)Combined Test, ODI and T20I player (2012/13 - 2023/24)Under-19s Youth Test matches player (2009, 2 matches)Under-19s Youth One-Day Internationals player (2007/08 - 2009/10, 10 matches)Twenty20 matches player (2008/09 - 2025/26, 201 matches)"
6419,RJG Lockyear (Rhett Lockyear),RJG Lockyear,AUS,"Twenty20 matches player (2005/06 - 2012/13, 30 matches)"
5017,XJ Doherty (Xavier Doherty),XJ Doherty,AUS,"Test matches player (2010/11 - 2012/13, 4 matches)One-Day Internationals player (2010/11 - 2014/15, 60 matches)Twenty20 Internationals player (2011/12 - 2013/14, 11 matches)Combined Test, ODI and T20I player (2010/11 - 2014/15)Under-19s Youth One-Day Internationals player (2001/02, 7 matches)Twenty20 matches player (2005/06 - 2016/17, 74 matches)Twenty20 matches official (2025/26)Women's Twenty20 official (2025/26)"
272279,NM Lyon (Nathan Lyon),NM Lyon,AUS,"Test matches player (2011 - 2025/26, 141 matches)One-Day Internationals player (2011/12 - 2019, 29 matches)Twenty20 Internationals player (2015/16 - 2018/19, 2 matches)Combined Test, ODI and T20I player (2011 - 2025/26)Twenty20 matches player (2010/11 - 2022/23, 51 matches)"
315623,B Laughlin (Ben Laughlin),B Laughlin,AUS,"One-Day Internationals player (2008/09 - 2009, 5 matches)Twenty20 Internationals player (2008/09 - 2012/13, 3 matches)Combined Test, ODI and T20I player (2008/09 - 2012/13)Twenty20 matches player (2008/09 - 2020/21, 164 matches)"
42272,Naved-ul-Hasan,Naved-ul-Hasan,PAK,"Test matches player (2004/05 - 2006/07, 9 matches)One-Day Internationals player (2002/03 - 2009/10, 74 matches)Twenty20 Internationals player (2006 - 2009/10, 4 matches)Combined Test, ODI and T20I player (2002/03 - 2009/10)Under-19s Youth Test matches player (1994/95 - 1995/96, 5 matches)Under-19s Youth One-Day Internationals player (1994/95 - 1995/96, 6 matches)Twenty20 matches player (2004/05 - 2013/14, 126 matches)"
5779,RJ Harris (Ryan Harris),RJ Harris,AUS,"Test matches player (2009/10 - 2014/15, 27 matches)One-Day Internationals player (2008/09 - 2011/12, 21 matches)Twenty20 Internationals player (2009/10 - 2010, 3 matches)Combined Test, ODI and T20I player (2008/09 - 2014/15)Twenty20 matches player (2006/07 - 2013/14, 64 matches)"
376169,MG Neser (Michael Neser),MG Neser,AUS,"Test matches player (2021/22 - 2025/26, 5 matches)One-Day Internationals player (2018 - 2023/24, 4 matches)Combined Test, ODI and T20I player (2018 - 2025/26)Twenty20 matches player (2010/11 - 2025/26, 129 matches)"
8002,DJ Thornely (Dominic Thornely),DJ Thornely,AUS,"Under-19s Youth Test matches player (1996/97 - 1997/98, 3 matches)Under-19s Youth One-Day Internationals player (1996/97 - 1997/98, 12 matches)Twenty20 matches player (2004/05 - 2012/13, 57 matches)"
5961,MC Henriques (Moises Henriques),MC Henriques,AUS,"Test matches player (2012/13 - 2016, 4 matches)One-Day Internationals player (2009/10 - 2021, 16 matches)Twenty20 Internationals player (2008/09 - 2021, 24 matches)Combined Test, ODI and T20I player (2008/09 - 2021)Under-19s Youth One-Day Internationals player (2003/04 - 2005/06, 17 matches)Twenty20 matches player (2005/06 - 2025/26, 301 matches)"
6943,MJ North (Marcus North),MJ North,AUS,"Test matches player (2008/09 - 2010/11, 21 matches)One-Day Internationals player (2009, 2 matches)Twenty20 Internationals player (2009, 1 match)Combined Test, ODI and T20I player (2008/09 - 2010/11)Under-19s Youth Test matches player (1996/97 - 1997/98, 6 matches)Under-19s Youth One-Day Internationals player (1996/97 - 1997/98, 11 matches)Twenty20 matches player (2004 - 2014, 94 matches)"
5605,SM Harwood (Shane Harwood),SM Harwood,AUS,"One-Day Internationals player (2008/09, 1 match)Twenty20 Internationals player (2006/07 - 2008/09, 3 matches)Combined Test, ODI and T20I player (2006/07 - 2008/09)Twenty20 matches player (2005/06 - 2011/12, 40 matches)"
6844,BE McGain (Bryce McGain),BE McGain,AUS,"Test matches player (2008/09, 1 match)Twenty20 matches player (2007/08 - 2011/12, 13 matches)"
4427,CJ Borgas (Cameron Borgas),CJ Borgas,AUS,"Under-19s Youth Test matches player (2000/01, 2 matches)Twenty20 matches player (2005/06 - 2013/14, 58 matches)"
7743,CP Simpson (Chris Simpson),CP Simpson,AUS,"Twenty20 matches player (2005/06 - 2011/12, 27 matches)"
6105,MJ Johnston (Matt Johnston),MJ Johnston,AUS,"Twenty20 matches player (2006/07 - 2012/13, 11 matches)"
47850,RE van der Merwe (Roelof van der Merwe),RE van der Merwe,NED/SA,"One-Day Internationals player (2008/09 - 2025, 39 matches)Twenty20 Internationals player (2008/09 - 2025/26, 71 matches)Combined Test, ODI and T20I player (2008/09 - 2025/26)Under-19s Youth One-Day Internationals player (2003/04, 5 matches)Twenty20 matches player (2007/08 - 2025/26, 373 matches)"
261354,NM Coulter-Nile (Nathan Coulter-Nile),NM Coulter-Nile,AUS,"One-Day Internationals player (2013 - 2019, 32 matches)Twenty20 Internationals player (2012/13 - 2018/19, 28 matches)Combined Test, ODI and T20I player (2012/13 - 2019)Under-19s Youth One-Day Internationals player (2007, 3 matches)Twenty20 matches player (2009/10 - 2023/24, 160 matches)"
4487,LR Butterworth (Luke Butterworth),LR Butterworth,AUS,"Under-19s Youth Test matches player (2002/03, 1 match)Under-19s Youth One-Day Internationals player (2002/03, 4 matches)Twenty20 matches player (2006/07 - 2011/12, 9 matches)"
215152,JM Bird (Jackson Bird),JM Bird,AUS,"Test matches player (2012/13 - 2017/18, 9 matches)Under-19s Youth One-Day Internationals player (2005/06, 7 matches)Twenty20 matches player (2011/12 - 2025, 96 matches)"
4927,BG Drew (Brendan Drew),BG Drew,AUS,"Twenty20 matches player (2006/07 - 2011/12, 19 matches)"
272467,DR Salpietro (Daniel Salpietro),DR Salpietro,AUS,"Twenty20 matches player (2010/11 - 2011/12, 4 matches)"
5583,DJ Harris (Daniel Harris),DJ Harris,AUS,"Under-19s Youth Test matches player (1999, 3 matches)Under-19s Youth One-Day Internationals player (1999, 3 matches)Twenty20 matches player (2006/07 - 2014/15, 78 matches)"
5749,DJ Harris (Doug Harris),DJ Harris,AUS,"Under-19s Youth Test matches player (1980/81, 3 matches)"
533043,JM Muirhead (James Muirhead),JM Muirhead,AUS,"Twenty20 Internationals player (2013/14, 5 matches)Under-19s Youth One-Day Internationals player (2011/12, 6 matches)Twenty20 matches player (2011/12 - 2017/18, 15 matches)"
275658,MG Hogan (Michael Hogan),MG Hogan,AUS,"Twenty20 matches player (2009/10 - 2023, 129 matches)"
7069,SNJ O'Keefe (Steve O'Keefe),SNJ O'Keefe,AUS,"Test matches player (2014/15 - 2017, 9 matches)Twenty20 Internationals player (2010 - 2011/12, 7 matches)Combined Test, ODI and T20I player (2010 - 2017)Under-19s Youth One-Day Internationals player (2003/04, 8 matches)Twenty20 matches player (2008/09 - 2023/24, 129 matches)"
37749,NL McCullum (Nathan McCullum),NL McCullum,NZ,"One-Day Internationals player (2009 - 2015, 84 matches)Twenty20 Internationals player (2007/08 - 2015/16, 63 matches)Combined Test, ODI and T20I player (2007/08 - 2015/16)Under-19s Youth One-Day Internationals player (1999/00, 5 matches)Twenty20 matches player (2005/06 - 2015/16, 173 matches)"
38710,DL Vettori (Daniel Vettori),DL Vettori,NZ,"Test matches player (1996/97 - 2014/15, 113 matches)One-Day Internationals player (1996/97 - 2014/15, 295 matches)Twenty20 Internationals player (2007/08 - 2014/15, 34 matches)Combined Test, ODI and T20I player (1996/97 - 2014/15)Under-19s Youth Test matches player (1996, 3 matches)Under-19s Youth One-Day Internationals player (1996, 2 matches)Twenty20 matches player (2005/06 - 2015, 143 matches)"
499661,ND Bills (Nicholas Bills),ND Bills,AUS,"Twenty20 matches player (2011/12, 1 match)"
270460,MR Day (Matthew Day),MR Day,AUS,"Under-19s Youth One-Day Internationals player (2007, 4 matches)Twenty20 matches player (2011/12, 1 match)"
7698,CR Swan (Chris Swan),CR Swan,AUS,"Twenty20 matches player (2011/12, 1 match)"
272385,JK Lalor (Josh Lalor),JK Lalor,AUS,"Twenty20 matches player (2011/12 - 2021/22, 65 matches)"
307494,JM Herrick (Jayde Herrick),JM Herrick,AUS/NZ,"Twenty20 matches player (2011/12 - 2013/14, 2 matches)"
434804,BG McDonald (Brenton McDonald),BG McDonald,AUS,"Twenty20 matches player (2011/12, 1 match)"
37004,JEC Franklin (James Franklin),JEC Franklin,NZ,"Test matches player (2000/01 - 2012/13, 31 matches)One-Day Internationals player (2000/01 - 2013, 110 matches)Twenty20 Internationals player (2005/06 - 2013, 38 matches)Combined Test, ODI and T20I player (2000/01 - 2013)Under-19s Youth Test matches player (1998/99, 3 matches)Under-19s Youth One-Day Internationals player (1997/98 - 1999/00, 13 matches)Twenty20 matches player (2004 - 2018, 233 matches)"
232289,IA Moran (Ian Moran),IA Moran,AUS,"Twenty20 matches player (2005/06 - 2014/15, 9 matches)"
270253,DJ Pattinson (Darren Pattinson),DJ Pattinson,ENG,"Test matches player (2008, 1 match)Twenty20 matches player (2006/07 - 2012/13, 64 matches)"
5334,AJ Finch (Aaron Finch),AJ Finch,AUS,"Test matches player (2018/19, 5 matches)One-Day Internationals player (2012/13 - 2022, 146 matches)Twenty20 Internationals player (2010/11 - 2022/23, 103 matches)Combined Test, ODI and T20I player (2010/11 - 2022/23)Under-19s Youth One-Day Internationals player (2005/06, 10 matches)Twenty20 matches player (2008/09 - 2023/24, 387 matches)"
230194,WD Sheridan (William Sheridan),WD Sheridan,AUS,"Under-19s Youth One-Day Internationals player (2005/06, 2 matches)Twenty20 matches player (2011/12 - 2013/14, 13 matches)"
1380123,MK Gnanasekaram (Muralitharan Gnanasekaram),M Muralitharan,SUI,"Twenty20 Internationals player (2023, 7 matches)Twenty20 matches player (2023, 7 matches)"
49758,SL Malinga (Lasith Malinga),SL Malinga,SL,"Test matches player (2004 - 2010, 30 matches)One-Day Internationals player (2004 - 2019, 226 matches)Twenty20 Internationals player (2006 - 2019/20, 84 matches)Combined Test, ODI and T20I player (2004 - 2019/20)Twenty20 matches player (2004 - 2019/20, 295 matches)"
366580,LW Feldman (Luke Feldman),LW Feldman,AUS,"Twenty20 matches player (2010/11 - 2016/17, 23 matches)"
49700,BMAJ Mendis (Jeevan Mendis),BMAJ Mendis,SL,"One-Day Internationals player (2010 - 2019, 58 matches)Twenty20 Internationals player (2011 - 2017/18, 22 matches)Combined Test, ODI and T20I player (2010 - 2019)Under-19s Youth One-Day Internationals player (2001/02, 11 matches)Twenty20 matches player (2004 - 2020/21, 162 matches)"
553800,CP Tremain (Chris Tremain),CP Tremain,AUS,"One-Day Internationals player (2016/17, 4 matches)Twenty20 matches player (2012/13 - 2020/21, 52 matches)"
499660,GS Sandhu (Gurinder Sandhu),GS Sandhu,AUS,"One-Day Internationals player (2014/15, 2 matches)Under-19s Youth One-Day Internationals player (2012, 13 matches)Twenty20 matches player (2012/13 - 2025/26, 87 matches)"
355683,GS Sandhu (Gurjit Sandhu),GS Sandhu,ENG,"Twenty20 matches player (2013 - 2015, 9 matches)"
381183,EP Gulbis (Evan Gulbis),EP Gulbis,AUS,"Twenty20 matches player (2010/11 - 2018/19, 52 matches)"
42699,Saeed Ajmal,Saeed Ajmal,PAK,"Test matches player (2009 - 2014, 35 matches)One-Day Internationals player (2008 - 2015, 113 matches)Twenty20 Internationals player (2009 - 2015, 64 matches)Combined Test, ODI and T20I player (2008 - 2015)Twenty20 matches player (2004/05 - 2017/18, 195 matches)"
7262,GD Putland (Gary Putland),GD Putland,AUS,"Under-19s Youth One-Day Internationals player (2003/04, 6 matches)Twenty20 matches player (2005/06 - 2015/16, 23 matches)"
38407,SB Styris (Scott Styris),SB Styris,NZ,"Test matches player (2002 - 2007/08, 29 matches)One-Day Internationals player (1999/00 - 2010/11, 188 matches)Twenty20 Internationals player (2004/05 - 2010/11, 31 matches)Combined Test, ODI and T20I player (1999/00 - 2010/11)Under-19s Youth Test matches player (1994/95, 3 matches)Under-19s Youth One-Day Internationals player (1994/95, 3 matches)Twenty20 matches player (2004/05 - 2014/15, 201 matches)"
5104,TP Doropoulos (Theo Doropoulos),TP Doropoulos,AUS,"Under-19s Youth Test matches player (2002/03, 3 matches)Under-19s Youth One-Day Internationals player (2002/03 - 2003/04, 13 matches)Twenty20 matches player (2006/07 - 2012/13, 20 matches)"
8180,SR Watson (Shane Watson),SR Watson,AUS,"Test matches player (2004/05 - 2015, 59 matches)One-Day Internationals player (2001/02 - 2015, 190 matches)Twenty20 Internationals player (2005/06 - 2015/16, 58 matches)Combined Test, ODI and T20I player (2001/02 - 2015/16)Under-19s Youth One-Day Internationals player (1999/00, 6 matches)Twenty20 matches player (2004 - 2020/21, 343 matches)"
326635,CJ Gannon (Cameron Gannon),CJ Gannon,USA/AUS,"Twenty20 Internationals player (2019, 4 matches)Twenty20 matches player (2012/13 - 2025, 44 matches)"
439288,JM Mennie (Joe Mennie),JM Mennie,AUS,"Test matches player (2016/17, 1 match)One-Day Internationals player (2016/17, 2 matches)Combined Test, ODI and T20I player (2016/17)Twenty20 matches player (2012/13 - 2019/20, 23 matches)"
230371,BCJ Cutting (Ben Cutting),BCJ Cutting,AUS,"One-Day Internationals player (2012/13 - 2014, 4 matches)Twenty20 Internationals player (2012/13 - 2017/18, 7 matches)Combined Test, ODI and T20I player (2012/13 - 2017/18)Under-19s Youth One-Day Internationals player (2005/06, 5 matches)Twenty20 matches player (2008/09 - 2023/24, 212 matches)"
233514,NLTC Perera (Thisara Perera),NLTC Perera,SL,"Test matches player (2011 - 2012, 6 matches)One-Day Internationals player (2009/10 - 2020/21, 166 matches)Twenty20 Internationals player (2010 - 2020/21, 84 matches)Combined Test, ODI and T20I player (2009/10 - 2020/21)Under-19s Youth Test matches player (2007, 4 matches)Under-19s Youth One-Day Internationals player (2005/06 - 2007/08, 32 matches)Twenty20 matches player (2007/08 - 2024/25, 385 matches)"
326625,CJ Boyce (Cameron Boyce),CJ Boyce,AUS,"Twenty20 Internationals player (2014/15 - 2015/16, 7 matches)Twenty20 matches player (2012/13 - 2025/26, 114 matches)"
230559,KA Pollard (Kieron Pollard),KA Pollard,WI,"One-Day Internationals player (2006/07 - 2021/22, 123 matches)Twenty20 Internationals player (2008 - 2021/22, 101 matches)Combined Test, ODI and T20I player (2006/07 - 2021/22)Under-19s Youth One-Day Internationals player (2005/06, 9 matches)Twenty20 matches player (2006 - 2025/26, 735 matches)"
52983,MN Samuels (Marlon Samuels),MN Samuels,WI,"Test matches player (2000/01 - 2016/17, 71 matches)One-Day Internationals player (2000/01 - 2018/19, 207 matches)Twenty20 Internationals player (2007 - 2018, 67 matches)Combined Test, ODI and T20I player (2000/01 - 2018/19)Under-19s Youth One-Day Internationals player (1997/98 - 1999/00, 13 matches)Twenty20 matches player (2006 - 2018, 187 matches)"
39024,Azhar Mahmood,Azhar Mahmood,PAK,"Test matches player (1997/98 - 2001, 21 matches)One-Day Internationals player (1996 - 2006/07, 143 matches)Combined Test, ODI and T20I player (1996 - 2006/07)Under-19s Youth Test matches player (1994/95, 3 matches)Under-19s Youth One-Day Internationals player (1994/95, 3 matches)Twenty20 matches player (2003 - 2016, 230 matches)"
8291,CL White (Cameron White),CL White,AUS,"Test matches player (2008/09, 4 matches)One-Day Internationals player (2005/06 - 2017/18, 91 matches)Twenty20 Internationals player (2006/07 - 2014/15, 47 matches)Combined Test, ODI and T20I player (2005/06 - 2017/18)Under-19s Youth Test matches player (2000/01, 2 matches)Under-19s Youth One-Day Internationals player (2001/02, 8 matches)Twenty20 matches player (2004/05 - 2019/20, 240 matches)"
557295,HWR Cartwright (Hilton Cartwright),HWR Cartwright,AUS,"Test matches player (2016/17 - 2017, 2 matches)One-Day Internationals player (2017/18, 2 matches)Combined Test, ODI and T20I player (2016/17 - 2017/18)Twenty20 matches player (2012/13 - 2025/26, 146 matches)"
230558,SP Narine (Sunil Narine),SP Narine,WI,"Test matches player (2012 - 2013/14, 6 matches)One-Day Internationals player (2011/12 - 2016/17, 65 matches)Twenty20 Internationals player (2011/12 - 2019, 51 matches)Combined Test, ODI and T20I player (2011/12 - 2019)Under-19s Youth One-Day Internationals player (2005/06, 9 matches)Twenty20 matches player (2010/11 - 2026, 584 matches)"
230553,KAJ Roach (Kemar Roach),KAJ Roach,WI,"Test matches player (2009 - 2025/26, 88 matches)One-Day Internationals player (2008 - 2021/22, 95 matches)Twenty20 Internationals player (2008 - 2012/13, 11 matches)Combined Test, ODI and T20I player (2008 - 2025/26)Under-19s Youth One-Day Internationals player (2005/06, 7 matches)Twenty20 matches player (2008 - 2018, 46 matches)"
379504,A Zampa (Adam Zampa),A Zampa,AUS,"One-Day Internationals player (2015/16 - 2025/26, 116 matches)Twenty20 Internationals player (2015/16 - 2025/26, 115 matches)Combined Test, ODI and T20I player (2015/16 - 2025/26)Under-19s Youth Test matches player (2009, 2 matches)Under-19s Youth One-Day Internationals player (2009 - 2009/10, 8 matches)Twenty20 matches player (2012/13 - 2026, 329 matches)"
8453,BE Young (Brad Young),BE Young,AUS,"One-Day Internationals player (1997/98 - 1998/99, 6 matches)Twenty20 matches player (2012/13, 5 matches)"
288285,CA Rose (Clive Rose),CA Rose,AUS,"Under-19s Youth One-Day Internationals player (2007/08, 8 matches)Twenty20 matches player (2012/13 - 2019/20, 58 matches)"
228622,JW Hastings (John Hastings),JW Hastings,AUS,"Test matches player (2012/13, 1 match)One-Day Internationals player (2010/11 - 2017, 29 matches)Twenty20 Internationals player (2010/11 - 2016, 9 matches)Combined Test, ODI and T20I player (2010/11 - 2017)Twenty20 matches player (2007/08 - 2017/18, 106 matches)"
272477,JP Behrendorff (Jason Behrendorff),JP Behrendorff,AUS,"One-Day Internationals player (2018/19 - 2021/22, 12 matches)Twenty20 Internationals player (2017/18 - 2023/24, 17 matches)Combined Test, ODI and T20I player (2017/18 - 2023/24)Twenty20 matches player (2012/13 - 2025/26, 185 matches)"
273439,SMSM Senanayake (Sachithra Senanayake),SMSM Senanayake,SL,"Test matches player (2013/14, 1 match)One-Day Internationals player (2011/12 - 2015/16, 49 matches)Twenty20 Internationals player (2012 - 2016, 24 matches)Combined Test, ODI and T20I player (2011/12 - 2016)Twenty20 matches player (2006/07 - 2022, 108 matches)"
233513,SJC Keen (Simon Keen),SJC Keen,AUS,"Under-19s Youth One-Day Internationals player (2005/06 - 2007, 10 matches)Twenty20 matches player (2008/09 - 2014/15, 9 matches)"
16932,AD Mascarenhas (Dimitri Mascarenhas),AD Mascarenhas,ENG,"One-Day Internationals player (2007 - 2009, 20 matches)Twenty20 Internationals player (2007 - 2009, 14 matches)Combined Test, ODI and T20I player (2007 - 2009)Twenty20 matches player (2003 - 2013/14, 130 matches)"
422015,AR Keath (Alex Keath),AR Keath,AUS,"Under-19s Youth One-Day Internationals player (2009/10, 10 matches)Twenty20 matches player (2012/13 - 2014/15, 5 matches)"
10582,RS Bopara (Ravi Bopara),RS Bopara,ENG,"Test matches player (2007/08 - 2012, 13 matches)One-Day Internationals player (2006/07 - 2014/15, 120 matches)Twenty20 Internationals player (2008 - 2014, 38 matches)Combined Test, ODI and T20I player (2006/07 - 2014/15)Under-19s Youth Test matches player (2002/03 - 2004, 9 matches)Under-19s Youth One-Day Internationals player (2002/03 - 2004, 15 matches)Twenty20 matches player (2003 - 2025, 494 matches)"
4818,MJ Cosgrove (Mark Cosgrove),MJ Cosgrove,AUS,"One-Day Internationals player (2005/06 - 2006/07, 3 matches)Under-19s Youth Test matches player (2000/01 - 2002/03, 4 matches)Under-19s Youth One-Day Internationals player (2000/01 - 2001/02, 9 matches)Twenty20 matches player (2005/06 - 2019, 139 matches)"
7908,CS Sandri (Carl Sandri),CS Sandri,AUS,"Twenty20 matches player (2011/12 - 2013/14, 19 matches)"
247235,CR Woakes (Chris Woakes),CR Woakes,ENG,"Test matches player (2013 - 2025, 62 matches)One-Day Internationals player (2010/11 - 2023/24, 122 matches)Twenty20 Internationals player (2010/11 - 2023/24, 33 matches)Combined Test, ODI and T20I player (2010/11 - 2025)Under-19s Youth Test matches player (2007 - 2008, 4 matches)Under-19s Youth One-Day Internationals player (2007 - 2007/08, 10 matches)Twenty20 matches player (2008 - 2025/26, 172 matches)"
500182,BS Dean (Blake Dean),BS Dean,AUS,"Twenty20 matches player (2013/14, 1 match)"
270493,AL Fekete (Andrew Fekete),AL Fekete,AUS,"Twenty20 matches player (2013/14 - 2019/20, 15 matches)"
219885,TLW Cooper (Tom Cooper),TLW Cooper,NED/AUS,"One-Day Internationals player (2010 - 2022/23, 32 matches)Twenty20 Internationals player (2011/12 - 2022/23, 33 matches)Combined Test, ODI and T20I player (2010 - 2022/23)Under-19s Youth One-Day Internationals player (2005/06, 10 matches)Twenty20 matches player (2008/09 - 2022/23, 172 matches)"
43654,Yasir Arafat,Yasir Arafat,PAK,"Test matches player (2007/08 - 2008/09, 3 matches)One-Day Internationals player (1999/00 - 2009, 11 matches)Twenty20 Internationals player (2007/08 - 2012/13, 13 matches)Combined Test, ODI and T20I player (1999/00 - 2012/13)Under-19s Youth Test matches player (1997/98 - 1998/99, 5 matches)Under-19s Youth One-Day Internationals player (1996/97 - 1999/00, 11 matches)Twenty20 matches player (2005/06 - 2016, 226 matches)"
43690,Yasir Arafat (2) (Yasir Arafat),Yasir Arafat,PAK,"Under-19s Youth Test matches player (2003, 2 matches)Under-19s Youth One-Day Internationals player (2003, 2 matches)Twenty20 matches player (2004/05 - 2011, 5 matches)"
7529,NJ Reardon (Nathan Reardon),NJ Reardon,AUS,"Twenty20 Internationals player (2014/15, 2 matches)Twenty20 matches player (2005/06 - 2017/18, 75 matches)"
42657,Shoaib Malik,Shoaib Malik,PAK,"Test matches player (2001 - 2015/16, 35 matches)One-Day Internationals player (1999/00 - 2019, 287 matches)Twenty20 Internationals player (2006 - 2021/22, 124 matches)Combined Test, ODI and T20I player (1999/00 - 2021/22)Under-19s Youth Test matches player (1996/97 - 1998/99, 14 matches)Under-19s Youth One-Day Internationals player (1996/97 - 1998/99, 21 matches)Twenty20 matches player (2004/05 - 2025, 557 matches)"
233680,JW Wells (Jonathan Wells),JW Wells,AUS,"Twenty20 matches player (2010/11 - 2024/25, 154 matches)"
272465,JL Pattinson (James Pattinson),JL Pattinson,AUS,"Test matches player (2011/12 - 2019/20, 21 matches)One-Day Internationals player (2011 - 2015, 15 matches)Twenty20 Internationals player (2011/12, 4 matches)Combined Test, ODI and T20I player (2011 - 2019/20)Under-19s Youth One-Day Internationals player (2007/08, 5 matches)Twenty20 matches player (2009/10 - 2022, 57 matches)"
5550,MG Gale (Matthew Gale),MG Gale,AUS,"Under-19s Youth Test matches player (2002/03, 1 match)Under-19s Youth One-Day Internationals player (2002/03, 1 match)Twenty20 matches player (2013/14, 6 matches)"
48472,TM Dilshan (Tillakaratne Dilshan),TM Dilshan,SL,"Test matches player (1999/00 - 2012/13, 87 matches)One-Day Internationals player (1999/00 - 2016, 330 matches)Twenty20 Internationals player (2006 - 2016, 80 matches)Combined Test, ODI and T20I player (1999/00 - 2016)Twenty20 matches player (2004 - 2016, 221 matches)"
555853,MT Steketee (Mark Steketee),MT Steketee,AUS,"Under-19s Youth One-Day Internationals player (2012, 10 matches)Twenty20 matches player (2013/14 - 2024/25, 78 matches)"
500268,AJ Turner (Ashton Turner),AJ Turner,AUS,"One-Day Internationals player (2018/19 - 2021, 9 matches)Twenty20 Internationals player (2016/17 - 2023/24, 19 matches)Combined Test, ODI and T20I player (2016/17 - 2023/24)Under-19s Youth One-Day Internationals player (2011/12 - 2012, 15 matches)Twenty20 matches player (2013/14 - 2026, 254 matches)"
326462,JS Floros (Jason Floros),JS Floros,AUS,"Under-19s Youth Test matches player (2009, 1 match)Under-19s Youth One-Day Internationals player (2009 - 2009/10, 12 matches)Twenty20 matches player (2010/11 - 2017/18, 27 matches)"
56143,Shakib Al Hasan,Shakib Al Hasan,BAN,"Test matches player (2007 - 2024/25, 71 matches)One-Day Internationals player (2006 - 2023/24, 247 matches)Twenty20 Internationals player (2006/07 - 2024, 129 matches)Combined Test, ODI and T20I player (2006 - 2024/25)Under-19s Youth One-Day Internationals player (2005/06, 18 matches)Twenty20 matches player (2006/07 - 2025/26, 470 matches)"
268739,BAW Mendis (Ajantha Mendis),BAW Mendis,SL,"Test matches player (2008 - 2014, 19 matches)One-Day Internationals player (2007/08 - 2015/16, 87 matches)Twenty20 Internationals player (2008/09 - 2013/14, 39 matches)Combined Test, ODI and T20I player (2007/08 - 2015/16)Twenty20 matches player (2006/07 - 2018/19, 129 matches)"
21650,CT Tremlett (Chris Tremlett),CT Tremlett,ENG,"Test matches player (2007 - 2013/14, 12 matches)One-Day Internationals player (2005 - 2010/11, 15 matches)Twenty20 Internationals player (2007/08, 1 match)Combined Test, ODI and T20I player (2005 - 2013/14)Under-19s Youth Test matches player (2000 - 2000/01, 3 matches)Under-19s Youth One-Day Internationals player (2000/01 - 2001, 6 matches)Twenty20 matches player (2004 - 2014, 59 matches)"
8119,AC Voges (Adam Voges),AC Voges,AUS,"Test matches player (2015 - 2016/17, 20 matches)One-Day Internationals player (2006/07 - 2013/14, 31 matches)Twenty20 Internationals player (2007/08 - 2012/13, 7 matches)Combined Test, ODI and T20I player (2006/07 - 2016/17)Under-19s Youth Test matches player (1999, 2 matches)Under-19s Youth One-Day Internationals player (1999, 2 matches)Twenty20 matches player (2005/06 - 2017/18, 180 matches)"
459508,AJ Tye (Andrew Tye),AJ Tye,AUS,"One-Day Internationals player (2017/18 - 2018, 7 matches)Twenty20 Internationals player (2015/16 - 2021, 32 matches)Combined Test, ODI and T20I player (2015/16 - 2021)Twenty20 matches player (2013/14 - 2025/26, 249 matches)"
376179,CJM Sabburg (Chris Sabburg),CJM Sabburg,AUS,"Twenty20 matches player (2012/13 - 2021/22, 12 matches)"
240609,Fawad Ahmed,Fawad Ahmed,AUS/PAK,"One-Day Internationals player (2013, 3 matches)Twenty20 Internationals player (2013, 2 matches)Combined Test, ODI and T20I player (2013)Twenty20 matches player (2012/13 - 2022/23, 168 matches)"
230368,JM Holland (Jon Holland),JM Holland,AUS,"Test matches player (2016 - 2018/19, 4 matches)Under-19s Youth One-Day Internationals player (2005/06, 3 matches)Twenty20 matches player (2008/09 - 2020/21, 29 matches)"
530011,TM Head (Travis Head),TM Head,AUS,"Test matches player (2018/19 - 2025/26, 65 matches)One-Day Internationals player (2016 - 2025/26, 79 matches)Twenty20 Internationals player (2015/16 - 2025/26, 53 matches)Combined Test, ODI and T20I player (2015/16 - 2025/26)Under-19s Youth One-Day Internationals player (2011/12 - 2012, 18 matches)Twenty20 matches player (2012/13 - 2026, 175 matches)"
489889,PJ Cummins (Pat Cummins),PJ Cummins,AUS,"Test matches player (2011/12 - 2025/26, 72 matches)One-Day Internationals player (2011/12 - 2024/25, 90 matches)Twenty20 Internationals player (2011/12 - 2024, 57 matches)Combined Test, ODI and T20I player (2011/12 - 2025/26)Under-19s Youth One-Day Internationals player (2012, 3 matches)Twenty20 matches player (2010/11 - 2025, 171 matches)"
446548,SM Boland (Scott Boland),SM Boland,AUS,"Test matches player (2021/22 - 2025/26, 19 matches)One-Day Internationals player (2015/16 - 2016/17, 14 matches)Twenty20 Internationals player (2015/16 - 2016, 3 matches)Combined Test, ODI and T20I player (2015/16 - 2025/26)Twenty20 matches player (2013/14 - 2023/24, 65 matches)"
325012,MP Stoinis (Marcus Stoinis),MP Stoinis,AUS,"One-Day Internationals player (2015 - 2024/25, 71 matches)Twenty20 Internationals player (2015 - 2025/26, 87 matches)Combined Test, ODI and T20I player (2015 - 2025/26)Under-19s Youth One-Day Internationals player (2007/08, 3 matches)Twenty20 matches player (2012/13 - 2026, 365 matches)"
7898,PM Siddle (Peter Siddle),PM Siddle,AUS,"Test matches player (2008/09 - 2019, 67 matches)One-Day Internationals player (2008/09 - 2018/19, 20 matches)Twenty20 Internationals player (2008/09 - 2010/11, 2 matches)Combined Test, ODI and T20I player (2008/09 - 2019)Twenty20 matches player (2005/06 - 2026, 146 matches)"
557298,DJ Worrall (Daniel Worrall),DJ Worrall,AUS,"One-Day Internationals player (2016/17, 3 matches)Twenty20 matches player (2013/14 - 2025/26, 122 matches)"
41434,Mohammad Hafeez,Mohammad Hafeez,PAK,"Test matches player (2003 - 2018/19, 55 matches)One-Day Internationals player (2002/03 - 2019, 218 matches)Twenty20 Internationals player (2006 - 2021/22, 119 matches)Combined Test, ODI and T20I player (2002/03 - 2021/22)Twenty20 matches player (2004/05 - 2022/23, 374 matches)"
316307,Mohammad Hafeez (1) (Mohammad Hafeez),Mohammad Hafeez,PAK,"Twenty20 matches player (2008/09 - 2009/10, 4 matches)"
281974,TA Copeland (Trent Copeland),TA Copeland,AUS,"Test matches player (2011, 3 matches)Twenty20 matches player (2010/11 - 2013/14, 3 matches)"
7887,CJ Simmons (Craig Simmons),CJ Simmons,AUS,"Under-19s Youth One-Day Internationals player (2001/02, 7 matches)Twenty20 matches player (2005/06 - 2015/16, 29 matches)"
679567,BJ Dwarshuis (Ben Dwarshuis),BJ Dwarshuis,AUS,"One-Day Internationals player (2024 - 2025, 6 matches)Twenty20 Internationals player (2021/22 - 2025/26, 15 matches)Combined Test, ODI and T20I player (2021/22 - 2025/26)Twenty20 matches player (2014/15 - 2025/26, 188 matches)"
276298,AD Russell (Andre Russell),AD Russell,WI,"Test matches player (2010/11, 1 match)One-Day Internationals player (2010/11 - 2019, 56 matches)Twenty20 Internationals player (2011 - 2025, 86 matches)Combined Test, ODI and T20I player (2010/11 - 2025)Twenty20 matches player (2009/10 - 2025/26, 590 matches)"
53115,DJG Sammy (Daren Sammy),DJG Sammy,WI,"Test matches player (2007 - 2013/14, 38 matches)One-Day Internationals player (2004 - 2014/15, 126 matches)Twenty20 Internationals player (2007 - 2017/18, 68 matches)Combined Test, ODI and T20I player (2004 - 2017/18)Under-19s Youth One-Day Internationals player (2001/02, 5 matches)Twenty20 matches player (2006 - 2020, 320 matches)"
434812,RM Duffield (Ryan Duffield),RM Duffield,AUS,"Twenty20 matches player (2012/13 - 2014/15, 7 matches)"
12856,A Flintoff (Andrew Flintoff),A Flintoff,ENG,"Test matches player (1998 - 2009, 79 matches)One-Day Internationals player (1998/99 - 2008/09, 141 matches)Twenty20 Internationals player (2005 - 2007/08, 7 matches)Combined Test, ODI and T20I player (1998 - 2009)Under-19s Youth Test matches player (1994/95 - 1997, 14 matches)Under-19s Youth One-Day Internationals player (1994/95 - 1997, 13 matches)Twenty20 matches player (2004 - 2014/15, 39 matches)"
45789,JH Kallis (Jacques Kallis),JH Kallis,SA,"Test matches player (1995/96 - 2013/14, 166 matches)One-Day Internationals player (1995/96 - 2014, 328 matches)Twenty20 Internationals player (2005/06 - 2012/13, 25 matches)Combined Test, ODI and T20I player (1995/96 - 2014)Twenty20 matches player (2003/04 - 2015/16, 176 matches)"
685869,TL Lawford (Trent Lawford),TL Lawford,AUS,"Twenty20 matches player (2014/15 - 2016/17, 10 matches)"
505120,AC Agar (Ashton Agar),AC Agar,AUS,"Test matches player (2013 - 2022/23, 5 matches)One-Day Internationals player (2015 - 2023/24, 22 matches)Twenty20 Internationals player (2015/16 - 2024, 49 matches)Combined Test, ODI and T20I player (2013 - 2024)Under-19s Youth Test matches player (2011, 1 match)Under-19s Youth One-Day Internationals player (2011 - 2012, 10 matches)Twenty20 matches player (2013/14 - 2025/26, 180 matches)"
501498,NP Winter (Nick Winter),NP Winter,AUS,"Twenty20 matches player (2014/15 - 2020/21, 7 matches)"
605575,MW Short (Matthew Short),MW Short,AUS,"One-Day Internationals player (2023/24 - 2025/26, 18 matches)Twenty20 Internationals player (2023/24 - 2025/26, 24 matches)Combined Test, ODI and T20I player (2023/24 - 2025/26)Under-19s Youth Test matches player (2015, 1 match)Under-19s Youth One-Day Internationals player (2012/13 - 2015, 19 matches)Twenty20 matches player (2014/15 - 2026, 154 matches)"
422016,MW Dixon (Matt Dixon),MW Dixon,AUS,"Under-19s Youth One-Day Internationals player (2009/10, 5 matches)Twenty20 matches player (2014/15 - 2017, 9 matches)"
333782,T van der Gugten (Timm van der Gugten),T van der Gugten,NED/AUS,"One-Day Internationals player (2011/12 - 2024/25, 15 matches)Twenty20 Internationals player (2011/12 - 2025/26, 50 matches)Combined Test, ODI and T20I player (2011/12 - 2025/26)Twenty20 matches player (2011/12 - 2025/26, 149 matches)"
602570,JK Reed (Jake Reed),JK Reed,AUS,"Twenty20 matches player (2014/15 - 2016/17, 10 matches)"
9310,TT Bresnan (Tim Bresnan),TT Bresnan,ENG,"Test matches player (2009 - 2013/14, 23 matches)One-Day Internationals player (2006 - 2015, 85 matches)Twenty20 Internationals player (2006 - 2013/14, 34 matches)Combined Test, ODI and T20I player (2006 - 2015)Under-19s Youth Test matches player (2002 - 2003, 7 matches)Under-19s Youth One-Day Internationals player (2001/02 - 2003/04, 23 matches)Twenty20 matches player (2003 - 2021, 191 matches)"
311158,BA Stokes (Ben Stokes),BA Stokes,ENG,"Test matches player (2013/14 - 2025/26, 120 matches)One-Day Internationals player (2011 - 2023/24, 114 matches)Twenty20 Internationals player (2011 - 2022/23, 43 matches)Combined Test, ODI and T20I player (2011 - 2025/26)Under-19s Youth Test matches player (2009 - 2009/10, 2 matches)Under-19s Youth One-Day Internationals player (2009/10, 12 matches)Twenty20 matches player (2010 - 2024, 162 matches)"
215058,SD Parry (Stephen Parry),SD Parry,ENG,"One-Day Internationals player (2013/14, 2 matches)Twenty20 Internationals player (2013/14 - 2015/16, 5 matches)Combined Test, ODI and T20I player (2013/14 - 2015/16)Twenty20 matches player (2009 - 2020, 125 matches)"
19296,KP Pietersen (Kevin Pietersen),KP Pietersen,ENG,"Test matches player (2005 - 2013/14, 104 matches)One-Day Internationals player (2004/05 - 2013, 136 matches)Twenty20 Internationals player (2005 - 2013, 37 matches)Combined Test, ODI and T20I player (2004/05 - 2013/14)Twenty20 matches player (2003 - 2017/18, 200 matches)"
4504,AR Beadle (Ahillen Beadle),AR Beadle,AUS,"Under-19s Youth One-Day Internationals player (2003/04, 8 matches)Twenty20 matches player (2014/15, 3 matches)"
787073,CJ Green (Chris Green),CJ Green,AUS,"Twenty20 Internationals player (2023/24, 1 match)Twenty20 matches player (2014/15 - 2026, 280 matches)"
244497,AU Rashid (Adil Rashid),AU Rashid,ENG,"Test matches player (2015/16 - 2018/19, 19 matches)One-Day Internationals player (2009 - 2025/26, 161 matches)Twenty20 Internationals player (2009 - 2025/26, 145 matches)Combined Test, ODI and T20I player (2009 - 2025/26)Under-19s Youth Test matches player (2006, 3 matches)Twenty20 matches player (2008 - 2025/26, 364 matches)"
605577,GL Walker (Guy Walker),GL Walker,AUS,"Under-19s Youth Test matches player (2015, 1 match)Under-19s Youth One-Day Internationals player (2012/13 - 2015, 12 matches)Twenty20 matches player (2015/16, 1 match)"
51433,S Badree (Samuel Badree),S Badree,WI,"Twenty20 Internationals player (2012 - 2018, 52 matches)Twenty20 matches player (2006 - 2018, 197 matches)"
333872,SL Rainbird (Sam Rainbird),SL Rainbird,AUS,"Twenty20 matches player (2015/16 - 2021/22, 24 matches)"
388678,BR Dunk (Ben Dunk),BR Dunk,AUS,"Twenty20 Internationals player (2014/15 - 2016/17, 5 matches)Twenty20 matches player (2009/10 - 2024/25, 183 matches)"
501012,JS Paris (Joel Paris),JS Paris,AUS,"One-Day Internationals player (2015/16, 2 matches)Under-19s Youth One-Day Internationals player (2011 - 2012, 8 matches)Twenty20 matches player (2013/14 - 2025/26, 59 matches)"
308251,DJ Willey (David Willey),DJ Willey,ENG,"One-Day Internationals player (2015 - 2023/24, 73 matches)Twenty20 Internationals player (2015 - 2022/23, 43 matches)Combined Test, ODI and T20I player (2015 - 2023/24)Under-19s Youth Test matches player (2009, 1 match)Twenty20 matches player (2009 - 2025/26, 371 matches)"
953793,CAH Stevenson (Cameron Stevenson),CAH Stevenson,USA/AUS,"One-Day Internationals player (2019/20 - 2022, 18 matches)Twenty20 Internationals player (2022, 4 matches)Combined Test, ODI and T20I player (2019/20 - 2022)Twenty20 matches player (2015/16 - 2024, 8 matches)"
533042,B Stanlake (Billy Stanlake),B Stanlake,AUS,"One-Day Internationals player (2016/17 - 2018/19, 7 matches)Twenty20 Internationals player (2016/17 - 2019/20, 19 matches)Combined Test, ODI and T20I player (2016/17 - 2019/20)Under-19s Youth One-Day Internationals player (2011/12 - 2013/14, 12 matches)Twenty20 matches player (2015/16 - 2025/26, 93 matches)"
326679,HP Kingston (Hamish Kingston),HP Kingston,AUS,"Twenty20 matches player (2015/16 - 2016/17, 5 matches)"
38607,WER Somerville (William Somerville),WER Somerville,NZ,"Test matches player (2018/19 - 2021/22, 6 matches)Twenty20 matches player (2015/16 - 2021/22, 43 matches)"
590326,MJ Swepson (Mitchell Swepson),MJ Swepson,AUS,"Test matches player (2021/22 - 2022, 4 matches)One-Day Internationals player (2021/22 - 2022, 3 matches)Twenty20 Internationals player (2018 - 2022/23, 8 matches)Combined Test, ODI and T20I player (2018 - 2022/23)Twenty20 matches player (2015/16 - 2025/26, 106 matches)"
588906,GA West (Greg West),GA West,AUS,"Twenty20 matches player (2015/16 - 2018/19, 3 matches)"
326639,S Milenko (Simon Milenko),S Milenko,AUS,"Twenty20 matches player (2014/15 - 2020/21, 42 matches)"
785323,N McAndrew (Nathan McAndrew),N McAndrew,AUS,"Twenty20 matches player (2015/16 - 2025/26, 109 matches)"
437448,JS Lehmann (Jake Lehmann),JS Lehmann,AUS,"Twenty20 matches player (2015/16 - 2021/22, 33 matches)"
288992,CJ Jordan (Chris Jordan),CJ Jordan,ENG,"Test matches player (2014 - 2015, 8 matches)One-Day Internationals player (2013 - 2022/23, 35 matches)Twenty20 Internationals player (2013/14 - 2024, 95 matches)Combined Test, ODI and T20I player (2013 - 2024)Twenty20 matches player (2008 - 2025/26, 431 matches)"
334388,LN O'Connor (Liam O'Connor),LN O'Connor,AUS,"Twenty20 matches player (2016/17 - 2020/21, 23 matches)"
440162,LN Oluoch (Lucas Oluoch),LN O'Connor,KENYA,"One-Day Internationals player (2011, 2 matches)Twenty20 Internationals player (2013 - 2025/26, 72 matches)Combined Test, ODI and T20I player (2011 - 2025/26)Twenty20 matches player (2011/12 - 2025/26, 94 matches)"
24711,LN Onyango (Lameck Onyango),LN O'Connor,KENYA,"One-Day Internationals player (1995/96 - 2013/14, 29 matches)Twenty20 Internationals player (2007/08 - 2009/10, 5 matches)Combined Test, ODI and T20I player (1995/96 - 2013/14)Twenty20 matches player (2007/08 - 2009/10, 8 matches)"
570854,JD Wildermuth (Jack Wildermuth),JD Wildermuth,AUS,"Twenty20 Internationals player (2018, 2 matches)Under-19s Youth One-Day Internationals player (2012, 1 match)Twenty20 matches player (2016/17 - 2025/26, 66 matches)"
901157,AJ Nair (Arjun Nair),AJ Nair,AUS,"Under-19s Youth One-Day Internationals player (2015 - 2015/16, 6 matches)Twenty20 matches player (2016/17 - 2021/22, 36 matches)"
10617,SCJ Broad (Stuart Broad),SCJ Broad,ENG,"Test matches player (2007/08 - 2023, 167 matches)One-Day Internationals player (2006 - 2015/16, 121 matches)Twenty20 Internationals player (2006 - 2013/14, 56 matches)Combined Test, ODI and T20I player (2006 - 2023)Under-19s Youth Test matches player (2005, 1 match)Under-19s Youth One-Day Internationals player (2005, 3 matches)Twenty20 matches player (2006 - 2016/17, 85 matches)"
774223,JA Richardson (Jhye Richardson),JA Richardson,AUS,"Test matches player (2018/19 - 2025/26, 4 matches)One-Day Internationals player (2017/18 - 2022, 15 matches)Twenty20 Internationals player (2016/17 - 2022, 18 matches)Combined Test, ODI and T20I player (2016/17 - 2025/26)Under-19s Youth Test matches player (2015, 1 match)Under-19s Youth One-Day Internationals player (2014/15 - 2015, 11 matches)Twenty20 matches player (2015/16 - 2025/26, 104 matches)"
6033,MG Johnson (Mitchell Johnson),MG Johnson,AUS,"Test matches player (2007/08 - 2015/16, 73 matches)One-Day Internationals player (2005/06 - 2014/15, 153 matches)Twenty20 Internationals player (2007/08 - 2013, 30 matches)Combined Test, ODI and T20I player (2005/06 - 2015/16)Under-19s Youth Test matches player (1999 - 2000/01, 4 matches)Under-19s Youth One-Day Internationals player (1999/00 - 2000/01, 8 matches)Twenty20 matches player (2005/06 - 2018, 112 matches)"
308798,DJM Short (D'Arcy Short),DJM Short,AUS,"One-Day Internationals player (2018 - 2019/20, 8 matches)Twenty20 Internationals player (2017/18 - 2020/21, 23 matches)Combined Test, ODI and T20I player (2017/18 - 2020/21)Twenty20 matches player (2016/17 - 2025, 180 matches)"
605566,TD Andrews (Tom Andrews),TD Andrews,AUS,"Under-19s Youth One-Day Internationals player (2012/13 - 2013/14, 16 matches)Twenty20 matches player (2016/17 - 2025/26, 19 matches)"
381329,BJ Webster (Beau Webster),BJ Webster,AUS,"Test matches player (2024/25 - 2025/26, 8 matches)Twenty20 matches player (2016/17 - 2025/26, 101 matches)"
324059,FD Thornton,HTRY Thornton,ENG,Under-19s Youth Test matches official (1981)
47556,G Thornton (George Thornton),HTRY Thornton,SA,"Test matches player (1902/03, 1 match)"
837611,HTRJY Thornton (Henry Thornton),HTRY Thornton,AUS,"Under-19s Youth Test matches player (2015, 1 match)Under-19s Youth One-Day Internationals player (2015, 5 matches)Twenty20 matches player (2016/17 - 2025/26, 36 matches)"
457249,CR Brathwaite (Carlos Brathwaite),CR Brathwaite,WI,"Test matches player (2015/16 - 2016, 3 matches)One-Day Internationals player (2011/12 - 2019, 44 matches)Twenty20 Internationals player (2011/12 - 2019, 41 matches)Combined Test, ODI and T20I player (2011/12 - 2019)Twenty20 matches player (2010/11 - 2024/25, 265 matches)"
333780,NJ Maddinson (Nic Maddinson),NJ Maddinson,AUS,"Test matches player (2016/17, 3 matches)Twenty20 Internationals player (2013/14 - 2018, 6 matches)Combined Test, ODI and T20I player (2013/14 - 2018)Under-19s Youth Test matches player (2009, 2 matches)Under-19s Youth One-Day Internationals player (2009 - 2009/10, 12 matches)Twenty20 matches player (2010/11 - 2025/26, 149 matches)"
1076852,L Bowe (Liam Bowe),L Bowe,AUS,"Twenty20 matches player (2016/17 - 2019/20, 14 matches)"
9181,WE Bowes (Bill Bowes),L Bowe,ENG,"Test matches player (1932 - 1946, 15 matches)"
959833,WA Agar (Wes Agar),WA Agar,AUS,"One-Day Internationals player (2021, 2 matches)Under-19s Youth One-Day Internationals player (2015/16, 3 matches)Twenty20 matches player (2016/17 - 2025/26, 81 matches)"
541777,KR Smith (Kelvin Smith),KR Smith,AUS,"Under-19s Youth One-Day Internationals player (2012/13 - 2013/14, 11 matches)Twenty20 matches player (2014/15 - 2018/19, 4 matches)"
559066,IS Sodhi (Ish Sodhi),IS Sodhi,NZ,"Test matches player (2013/14 - 2024/25, 21 matches)One-Day Internationals player (2015 - 2024/25, 54 matches)Twenty20 Internationals player (2014 - 2025/26, 140 matches)Combined Test, ODI and T20I player (2013/14 - 2025/26)Under-19s Youth One-Day Internationals player (2012, 8 matches)Twenty20 matches player (2012/13 - 2025/26, 312 matches)"
459257,TS Mills (Tymal Mills),TS Mills,ENG,"Twenty20 Internationals player (2016 - 2023/24, 16 matches)Under-19s Youth Test matches player (2010/11, 1 match)Twenty20 matches player (2012 - 2025/26, 264 matches)"
787987,M Labuschagne (Marnus Labuschagne),M Labuschagne,AUS,"Test matches player (2018/19 - 2025/26, 63 matches)One-Day Internationals player (2019/20 - 2025, 66 matches)Twenty20 Internationals player (2021/22, 1 match)Combined Test, ODI and T20I player (2018/19 - 2025/26)Twenty20 matches player (2016/17 - 2026, 62 matches)"
5674,BJ Hodge (Brad Hodge),BJ Hodge,AUS,"Test matches player (2005/06 - 2008, 6 matches)One-Day Internationals player (2005/06 - 2007/08, 25 matches)Twenty20 Internationals player (2007/08 - 2013/14, 15 matches)Combined Test, ODI and T20I player (2005/06 - 2013/14)Under-19s Youth Test matches player (1992/93, 2 matches)Under-19s Youth One-Day Internationals player (1992/93, 3 matches)Twenty20 matches player (2003 - 2017/18, 277 matches)"
326632,JA Burns (Joe Burns),JA Burns,ITA/AUS,"Test matches player (2014/15 - 2020/21, 23 matches)One-Day Internationals player (2015, 6 matches)Twenty20 Internationals player (2024 - 2025, 8 matches)Combined Test, ODI and T20I player (2014/15 - 2025)Twenty20 matches player (2012/13 - 2025, 96 matches)"
319439,MJ McClenaghan (Mitchell McClenaghan),MJ McClenaghan,NZ,"One-Day Internationals player (2012/13 - 2015/16, 48 matches)Twenty20 Internationals player (2012/13 - 2018, 29 matches)Combined Test, ODI and T20I player (2012/13 - 2018)Twenty20 matches player (2008/09 - 2020/21, 203 matches)"
826901,DR Sams (Daniel Sams),DR Sams,AUS,"Twenty20 Internationals player (2020/21 - 2022/23, 10 matches)Twenty20 matches player (2017/18 - 2025/26, 216 matches)"
931603,B Doggett (Brendan Doggett),B Doggett,AUS,"Test matches player (2025/26, 2 matches)Twenty20 matches player (2017/18 - 2025/26, 51 matches)"
922943,Shadab Khan,Shadab Khan,PAK,"Test matches player (2017 - 2020, 6 matches)One-Day Internationals player (2017 - 2023/24, 70 matches)Twenty20 Internationals player (2017 - 2025/26, 124 matches)Combined Test, ODI and T20I player (2017 - 2025/26)Under-19s Youth Test matches player (2015/16, 2 matches)Under-19s Youth One-Day Internationals player (2015/16, 12 matches)Twenty20 matches player (2016 - 2026, 346 matches)"
34538,Shadab Khan,Shadab Khan,IND,"Twenty20 matches player (2009/10 - 2010/11, 4 matches)"
25913,Mohammad Nabi,Mohammad Nabi,AFG/PAK,"Test matches player (2018 - 2019, 3 matches)One-Day Internationals player (2009 - 2025/26, 176 matches)Twenty20 Internationals player (2009/10 - 2025/26, 152 matches)Combined Test, ODI and T20I player (2009 - 2025/26)Twenty20 matches player (2009/10 - 2025/26, 485 matches)"
669855,JC Archer (Jofra Archer),JC Archer,ENG/WI,"Test matches player (2019 - 2025/26, 18 matches)One-Day Internationals player (2019 - 2025/26, 36 matches)Twenty20 Internationals player (2019 - 2025/26, 45 matches)Combined Test, ODI and T20I player (2019 - 2025/26)Under-19s Youth One-Day Internationals player (2013/14, 3 matches)Twenty20 matches player (2016 - 2026, 193 matches)"
1124289,AW Summers (Aaron Summers),AW Summers,AUS,"Twenty20 matches player (2017/18 - 2018/19, 3 matches)"
45705,CA Ingram (Colin Ingram),CA Ingram,SA,"One-Day Internationals player (2010/11 - 2013/14, 31 matches)Twenty20 Internationals player (2010/11 - 2011/12, 9 matches)Combined Test, ODI and T20I player (2010/11 - 2013/14)Twenty20 matches player (2006/07 - 2025, 377 matches)"
42421,Rashid Khan,Rashid Khan,PAK,"Test matches player (1981/82 - 1984/85, 4 matches)One-Day Internationals player (1980/81 - 1984/85, 29 matches)Combined Test, ODI and T20I player (1980/81 - 1984/85)Under-19s Youth Test matches player (1978/79, 5 matches)"
793463,Rashid Khan,Rashid Khan,AFG,"Test matches player (2018 - 2024/25, 6 matches)One-Day Internationals player (2015/16 - 2025/26, 117 matches)Twenty20 Internationals player (2015/16 - 2025/26, 115 matches)Combined Test, ODI and T20I player (2015/16 - 2025/26)Under-19s Youth One-Day Internationals player (2015/16, 6 matches)Twenty20 matches player (2015/16 - 2026, 520 matches)"
1161020,Rashid Khan,Rashid Khan,NEP,"Twenty20 Internationals player (2019/20 - 2023/24, 2 matches)Twenty20 matches player (2019/20 - 2023/24, 5 matches)"
270117,Rashid Khan,Rashid Khan,PAK,Women's One-Day Internationals official (2000/01)
323954,Rashid Khan,Rashid Khan,PAK,Under-19s Youth One-Day Internationals official (2007/08)
42458,Rashid Khan (2) (Rashid Khan),Rashid Khan,PAK,"Under-19s Youth One-Day Internationals player (1995/96, 2 matches)"
627627,TS Rogers (Tom Rogers),TS Rogers,AUS,"Twenty20 matches player (2017/18 - 2025, 78 matches)"
43685,Yasir Shah,Yasir Shah,PAK,"Test matches player (2014/15 - 2022, 48 matches)One-Day Internationals player (2011 - 2019, 25 matches)Twenty20 Internationals player (2011, 2 matches)Combined Test, ODI and T20I player (2011 - 2022)Under-19s Youth One-Day Internationals player (2001/02, 2 matches)Twenty20 matches player (2008/09 - 2024/25, 155 matches)"
641419,MW Edwards (Mickey Edwards),MW Edwards,AUS/ENG,"Twenty20 matches player (2017/18 - 2021/22, 3 matches)"
393055,JR Coleman (Jackson Coleman),JR Coleman,AUS,"Under-19s Youth Test matches player (2009, 2 matches)Under-19s Youth One-Day Internationals player (2009 - 2009/10, 3 matches)Twenty20 matches player (2017/18 - 2019/20, 10 matches)"
530015,WG Bosisto (William Bosisto),WG Bosisto,AUS,"Under-19s Youth One-Day Internationals player (2011/12 - 2012, 19 matches)Twenty20 matches player (2017/18 - 2024/25, 21 matches)"
638912,M Kelly (Matthew Kelly),M Kelly,AUS,"Under-19s Youth One-Day Internationals player (2013 - 2013/14, 8 matches)Twenty20 matches player (2017/18 - 2024/25, 42 matches)"
652939,M Kelly (Marie Kelly),M Kelly,ENG,"Women's Twenty20 player (2017 - 2025, 75 matches)"
1081516,D Fallins (Daniel Fallins),D Fallins,AUS,"Twenty20 matches player (2017/18, 2 matches)"
12454,JL Denly (Joe Denly),JL Denly,ENG,"Test matches player (2018/19 - 2020, 15 matches)One-Day Internationals player (2009 - 2019/20, 16 matches)Twenty20 Internationals player (2009 - 2020, 13 matches)Combined Test, ODI and T20I player (2009 - 2020)Under-19s Youth Test matches player (2004 - 2005, 9 matches)Under-19s Youth One-Day Internationals player (2004 - 2005, 9 matches)Twenty20 matches player (2004 - 2025, 298 matches)"
961713,RP Meredith (Riley Meredith),RP Meredith,AUS,"One-Day Internationals player (2021, 1 match)Twenty20 Internationals player (2020/21 - 2024, 6 matches)Combined Test, ODI and T20I player (2020/21 - 2024)Twenty20 matches player (2017/18 - 2026, 153 matches)"
974109,Mujeeb Ur Rahman,Mujeeb Ur Rahman,AFG,"Test matches player (2018, 1 match)One-Day Internationals player (2017/18 - 2023/24, 75 matches)Twenty20 Internationals player (2017/18 - 2025/26, 65 matches)Combined Test, ODI and T20I player (2017/18 - 2025/26)Under-19s Youth One-Day Internationals player (2017/18, 13 matches)Twenty20 matches player (2017/18 - 2025/26, 290 matches)"
697279,Usman Shinwari,Usman Shinwari,PAK,"Test matches player (2019/20, 1 match)One-Day Internationals player (2017/18 - 2019/20, 17 matches)Twenty20 Internationals player (2013/14 - 2019/20, 16 matches)Combined Test, ODI and T20I player (2013/14 - 2019/20)Twenty20 matches player (2013 - 2024/25, 118 matches)"
348152,Usman Qadir,Usman Qadir,PAK,"One-Day Internationals player (2021, 1 match)Twenty20 Internationals player (2020/21 - 2023, 25 matches)Combined Test, ODI and T20I player (2020/21 - 2023)Under-19s Youth One-Day Internationals player (2009/10 - 2012, 30 matches)Twenty20 matches player (2013 - 2023/24, 107 matches)"
960361,S Lamichhane (Sandeep Lamichhane),S Lamichhane,NEP,"One-Day Internationals player (2018 - 2025/26, 66 matches)Twenty20 Internationals player (2018 - 2025/26, 72 matches)Combined Test, ODI and T20I player (2018 - 2025/26)Under-19s Youth One-Day Internationals player (2015/16, 6 matches)Twenty20 matches player (2018 - 2025/26, 168 matches)"
550235,TK Curran (Tom Curran),TK Curran,ENG,"Test matches player (2017/18, 2 matches)One-Day Internationals player (2017 - 2021, 28 matches)Twenty20 Internationals player (2017 - 2021, 30 matches)Combined Test, ODI and T20I player (2017 - 2021)Twenty20 matches player (2014 - 2026, 261 matches)"
1076721,L Pope (Lloyd Pope),L Pope,AUS,"Under-19s Youth Test matches player (2017, 1 match)Under-19s Youth One-Day Internationals player (2017 - 2017/18, 9 matches)Twenty20 matches player (2018/19 - 2025/26, 66 matches)"
605576,C Valente (Cameron Valente),C Valente,AUS,"Under-19s Youth One-Day Internationals player (2012/13 - 2013/14, 16 matches)Twenty20 matches player (2018/19 - 2020/21, 14 matches)"
1137279,JD Cook (Jonathan Cook),JD Cook,AUS,"Twenty20 matches player (2018/19 - 2020/21, 24 matches)"
1102241,JD Cook (Jordan Cook),JD Cook,ENG,"Under-19s Youth One-Day Internationals player (2018, 2 matches)"
959827,JJS Sangha (Jason Sangha),JJS Sangha,AUS,"Under-19s Youth Test matches player (2017, 1 match)Under-19s Youth One-Day Internationals player (2015/16 - 2017/18, 13 matches)Twenty20 matches player (2016/17 - 2025/26, 43 matches)"
1065115,BAD Manenti (Ben Manenti),BAD Manenti,ITA/AUS,"Twenty20 Internationals player (2023 - 2025/26, 12 matches)Twenty20 matches player (2018/19 - 2025/26, 54 matches)"
19264,LE Plunkett (Liam Plunkett),LE Plunkett,ENG/USA,"Test matches player (2005/06 - 2014, 13 matches)One-Day Internationals player (2005/06 - 2019, 89 matches)Twenty20 Internationals player (2006 - 2018/19, 22 matches)Combined Test, ODI and T20I player (2005/06 - 2019)Under-19s Youth Test matches player (2002 - 2003, 7 matches)Under-19s Youth One-Day Internationals player (2002 - 2003/04, 16 matches)Twenty20 matches player (2003 - 2025, 169 matches)"
303669,JE Root (Joe Root),JE Root,ENG,"Test matches player (2012/13 - 2025/26, 163 matches)One-Day Internationals player (2012/13 - 2025/26, 189 matches)Twenty20 Internationals player (2012/13 - 2019, 32 matches)Combined Test, ODI and T20I player (2012/13 - 2025/26)Under-19s Youth Test matches player (2009/10 - 2010, 3 matches)Under-19s Youth One-Day Internationals player (2009/10 - 2010, 16 matches)Under-19s Youth Twenty20 Internationals player (2010, 2 matches)Twenty20 matches player (2011 - 2025, 129 matches)"
1124283,AM Hardie (Aaron Hardie),AM Hardie,AUS,"One-Day Internationals player (2023/24 - 2025, 15 matches)Twenty20 Internationals player (2023/24 - 2025, 16 matches)Combined Test, ODI and T20I player (2023/24 - 2025)Under-19s Youth One-Day Internationals player (2017/18, 3 matches)Twenty20 matches player (2018/19 - 2026, 100 matches)"
244639,HF Gurney (Harry Gurney),HF Gurney,ENG,"One-Day Internationals player (2014 - 2014/15, 10 matches)Twenty20 Internationals player (2014, 2 matches)Combined Test, ODI and T20I player (2014 - 2014/15)Twenty20 matches player (2009 - 2019/20, 156 matches)"
5466,BC Green (Braddon Green),C Green,AUS,"Under-19s Youth One-Day Internationals player (1977, 2 matches)"
1076713,C Green (Cameron Green),C Green,AUS,"Test matches player (2020/21 - 2025/26, 37 matches)One-Day Internationals player (2020/21 - 2025, 31 matches)Twenty20 Internationals player (2021/22 - 2025/26, 28 matches)Combined Test, ODI and T20I player (2020/21 - 2025/26)Under-19s Youth One-Day Internationals player (2017/18, 2 matches)Twenty20 matches player (2018/19 - 2026, 71 matches)"
749693,DC Green (Derval Green),C Green,WI,"Twenty20 matches player (2019, 4 matches)"
878199,C Greenshields (Conrad Greenshields),C Green,POR,"Twenty20 Internationals player (2025, 3 matches)Twenty20 matches player (2025, 3 matches)"
36948,AP Devcich (Anton Devcich),AP Devcich,NZ,"One-Day Internationals player (2013/14 - 2016/17, 12 matches)Twenty20 Internationals player (2013/14 - 2014/15, 4 matches)Combined Test, ODI and T20I player (2013/14 - 2016/17)Under-19s Youth One-Day Internationals player (2003/04, 5 matches)Twenty20 matches player (2005/06 - 2020/21, 159 matches)"
722303,MT Renshaw (Matt Renshaw),MT Renshaw,AUS,"Test matches player (2016/17 - 2022/23, 14 matches)One-Day Internationals player (2025/26, 3 matches)Twenty20 Internationals player (2025/26, 6 matches)Combined Test, ODI and T20I player (2016/17 - 2025/26)Under-19s Youth One-Day Internationals player (2014/15 - 2015, 6 matches)Twenty20 matches player (2017/18 - 2025/26, 96 matches)"
1159591,TL O'Connell (Tom O'Connell),TL O'Connell,AUS,"Twenty20 matches player (2018/19 - 2024/25, 9 matches)"
977451,JA Prestwidge (Jack Prestwidge),JA Prestwidge,AUS,"Twenty20 matches player (2018/19 - 2022/23, 25 matches)"
779937,DJM Moody (David Moody),DJM Moody,AUS,"Twenty20 matches player (2018/19 - 2022/23, 10 matches)"
1124288,JA Freeman (Jarrod Freeman),JA Freeman,AUS,"Under-19s Youth Test matches player (2018/19, 1 match)Under-19s Youth One-Day Internationals player (2017/18 - 2018/19, 3 matches)Twenty20 matches player (2018/19, 2 matches)"
774219,MP Kuhnemann (Matthew Kuhnemann),MP Kuhnemann,AUS,"Test matches player (2022/23 - 2024/25, 5 matches)One-Day Internationals player (2022 - 2025/26, 5 matches)Twenty20 Internationals player (2025 - 2025/26, 8 matches)Combined Test, ODI and T20I player (2022 - 2025/26)Under-19s Youth One-Day Internationals player (2014/15, 4 matches)Twenty20 matches player (2018/19 - 2025/26, 72 matches)"
774217,CD Hinchliffe (Clint Hinchliffe),CD Hinchliffe,AUS,"Under-19s Youth One-Day Internationals player (2014/15 - 2015/16, 8 matches)Twenty20 matches player (2018/19 - 2022/23, 27 matches)"
914171,Qais Ahmad,Qais Ahmad,AFG,"Test matches player (2019 - 2023/24, 2 matches)One-Day Internationals player (2021/22 - 2023/24, 3 matches)Twenty20 Internationals player (2019/20 - 2025/26, 12 matches)Combined Test, ODI and T20I player (2019 - 2025/26)Under-19s Youth One-Day Internationals player (2017/18 - 2018/19, 12 matches)Twenty20 matches player (2017/18 - 2025/26, 188 matches)"
712219,Zahir Khan,Zahir Khan,AFG,"Test matches player (2019 - 2024/25, 6 matches)One-Day Internationals player (2018/19, 1 match)Twenty20 Internationals player (2022/23 - 2023, 4 matches)Combined Test, ODI and T20I player (2018/19 - 2024/25)Under-19s Youth One-Day Internationals player (2015/16 - 2017/18, 10 matches)Twenty20 matches player (2017/18 - 2025/26, 140 matches)"
1163855,H Kerr (Hayden Kerr),H Kerr,AUS,"Twenty20 matches player (2019/20 - 2025/26, 79 matches)"
473191,RJ Gleeson (Richard Gleeson),RJ Gleeson,ENG,"Twenty20 Internationals player (2022, 6 matches)Twenty20 matches player (2016 - 2026, 137 matches)"
1161606,Haris Rauf,Haris Rauf,PAK,"Test matches player (2022/23, 1 match)One-Day Internationals player (2020/21 - 2025/26, 56 matches)Twenty20 Internationals player (2019/20 - 2025, 94 matches)Combined Test, ODI and T20I player (2019/20 - 2025/26)Twenty20 matches player (2018/19 - 2026, 266 matches)"
826915,NT Ellis (Nathan Ellis),NT Ellis,AUS,"One-Day Internationals player (2021/22 - 2025/26, 17 matches)Twenty20 Internationals player (2021 - 2025/26, 36 matches)Combined Test, ODI and T20I player (2021 - 2025/26)Twenty20 matches player (2018/19 - 2025/26, 186 matches)"
439952,CH Morris (Chris Morris),CH Morris,SA,"Test matches player (2015/16 - 2017, 4 matches)One-Day Internationals player (2013 - 2019, 42 matches)Twenty20 Internationals player (2012/13 - 2018/19, 23 matches)Combined Test, ODI and T20I player (2012/13 - 2019)Twenty20 matches player (2010/11 - 2021, 234 matches)"
555855,HNA Conway (Harry Conway),HNA Conway,AUS,"Under-19s Youth One-Day Internationals player (2012, 7 matches)Twenty20 matches player (2016/17 - 2022/23, 24 matches)"
47492,DW Steyn (Dale Steyn),DW Steyn,SA,"Test matches player (2004/05 - 2018/19, 93 matches)One-Day Internationals player (2005 - 2018/19, 125 matches)Twenty20 Internationals player (2007/08 - 2019/20, 47 matches)Combined Test, ODI and T20I player (2004/05 - 2019/20)Twenty20 matches player (2004/05 - 2020/21, 228 matches)"
1076722,W Sutherland (Will Sutherland),W Sutherland,AUS,"One-Day Internationals player (2023/24, 2 matches)Under-19s Youth Test matches player (2017, 1 match)Under-19s Youth One-Day Internationals player (2017 - 2018/19, 15 matches)Twenty20 matches player (2018/19 - 2025/26, 85 matches)"
403902,LS Livingstone (Liam Livingstone),LS Livingstone,ENG,"Test matches player (2022/23, 1 match)One-Day Internationals player (2020/21 - 2024/25, 39 matches)Twenty20 Internationals player (2017 - 2024/25, 60 matches)Combined Test, ODI and T20I player (2017 - 2024/25)Twenty20 matches player (2015 - 2025/26, 340 matches)"
18632,SR Patel (Samit Patel),SR Patel,ENG,"Test matches player (2011/12 - 2015/16, 6 matches)One-Day Internationals player (2008 - 2012/13, 36 matches)Twenty20 Internationals player (2011 - 2012/13, 18 matches)Combined Test, ODI and T20I player (2008 - 2015/16)Under-19s Youth Test matches player (2002 - 2004, 10 matches)Under-19s Youth One-Day Internationals player (2001/02 - 2004, 24 matches)Twenty20 matches player (2003 - 2025, 429 matches)"
1125317,LR Morris (Lance Morris),LR Morris,AUS,"One-Day Internationals player (2023/24 - 2024/25, 3 matches)Twenty20 matches player (2019/20 - 2024/25, 35 matches)"
892749,TH David (Tim David),TH David,AUS/SGP,"One-Day Internationals player (2023/24, 4 matches)Twenty20 Internationals player (2019 - 2025/26, 71 matches)Combined Test, ODI and T20I player (2019 - 2025/26)Twenty20 matches player (2017/18 - 2026, 317 matches)"
1088618,J Merlo (Jonathan Merlo),J Merlo,AUS,"Under-19s Youth Test matches player (2017, 1 match)Under-19s Youth One-Day Internationals player (2017 - 2017/18, 9 matches)Twenty20 matches player (2018/19 - 2025/26, 18 matches)"
1206623,Dilbar Hussain,Dilbar Hussain,PAK,"Twenty20 matches player (2019/20 - 2022/23, 19 matches)"
46538,M Morkel (Morne Morkel),M Morkel,SA,"Test matches player (2006/07 - 2017/18, 86 matches)One-Day Internationals player (2007 - 2017/18, 117 matches)Twenty20 Internationals player (2007/08 - 2017/18, 44 matches)Combined Test, ODI and T20I player (2006/07 - 2017/18)Twenty20 matches player (2005 - 2020/21, 190 matches)"
330235,M Morkel (Malan Morkel),M Morkel,SA,"Under-19s Youth Test matches player (1995, 3 matches)"
1088612,Z Evans (Zak Evans),Z Evans,AUS,"Under-19s Youth Test matches player (2017 - 2018/19, 2 matches)Under-19s Youth One-Day Internationals player (2017 - 2018/19, 9 matches)Twenty20 matches player (2019/20 - 2021/22, 10 matches)"
51862,ADS Fletcher (Andre Fletcher),ADS Fletcher,WI,"One-Day Internationals player (2008 - 2016, 25 matches)Twenty20 Internationals player (2008 - 2024/25, 60 matches)Combined Test, ODI and T20I player (2008 - 2024/25)Under-19s Youth One-Day Internationals player (2005/06, 6 matches)Twenty20 matches player (2006 - 2025/26, 342 matches)"
1050545,XC Bartlett (Xavier Bartlett),XC Bartlett,AUS,"One-Day Internationals player (2023/24 - 2025/26, 5 matches)Twenty20 Internationals player (2023/24 - 2025/26, 21 matches)Combined Test, ODI and T20I player (2023/24 - 2025/26)Under-19s Youth One-Day Internationals player (2017/18, 2 matches)Twenty20 matches player (2020/21 - 2026, 104 matches)"
1210733,JP Wood (Jack Wood),JP Wood,AUS,"Twenty20 matches player (2020/21 - 2024/25, 6 matches)"
641423,DW Lawrence (Dan Lawrence),DW Lawrence,ENG,"Test matches player (2020/21 - 2024, 14 matches)Under-19s Youth Test matches player (2015, 1 match)Under-19s Youth One-Day Internationals player (2015 - 2015/16, 14 matches)Twenty20 matches player (2015 - 2025/26, 184 matches)"
1191384,P Hatzoglou (Peter Hatzoglou),P Hatzoglou,AUS,"Twenty20 matches player (2020/21 - 2025, 69 matches)"
1170471,T Sangha (Tanveer Sangha),T Sangha,AUS,"One-Day Internationals player (2023/24 - 2024/25, 4 matches)Twenty20 Internationals player (2023/24, 7 matches)Combined Test, ODI and T20I player (2023/24 - 2024/25)Under-19s Youth Test matches player (2018/19, 1 match)Under-19s Youth One-Day Internationals player (2018/19 - 2019/20, 11 matches)Twenty20 matches player (2020/21 - 2025/26, 67 matches)"
339383,SJ Sanghani (Shashikant Sanghani),T Sangha,KENYA,Twenty20 Internationals official (2024 - 2024/25)Twenty20 matches official (2024 - 2024/25)
211748,BAC Howell (Benny Howell),BAC Howell,ENG,"Twenty20 matches player (2010/11 - 2025, 266 matches)"
901155,LC Hatcher (Liam Hatcher),LC Hatcher,AUS,"Under-19s Youth Test matches player (2015, 1 match)Under-19s Youth One-Day Internationals player (2015 - 2015/16, 6 matches)Twenty20 matches player (2020/21 - 2025/26, 25 matches)"
310107,DR Briggs (Danny Briggs),DR Briggs,ENG,"One-Day Internationals player (2011/12, 1 match)Twenty20 Internationals player (2012 - 2013/14, 7 matches)Combined Test, ODI and T20I player (2011/12 - 2013/14)Under-19s Youth Test matches player (2009/10, 1 match)Under-19s Youth One-Day Internationals player (2009 - 2009/10, 11 matches)Under-19s Youth Twenty20 Internationals player (2009, 1 match)Twenty20 matches player (2010 - 2025, 273 matches)"
897549,WG Jacks (Will Jacks),WG Jacks,ENG,"Test matches player (2022/23 - 2025/26, 6 matches)One-Day Internationals player (2022/23 - 2025/26, 23 matches)Twenty20 Internationals player (2022 - 2025/26, 40 matches)Combined Test, ODI and T20I player (2022 - 2025/26)Under-19s Youth Test matches player (2016/17 - 2017, 4 matches)Under-19s Youth One-Day Internationals player (2016/17 - 2017/18, 17 matches)Twenty20 matches player (2018 - 2025/26, 251 matches)"
677081,KMA Paul (Keemo Paul),KMA Paul,WI,"Test matches player (2018 - 2018/19, 3 matches)One-Day Internationals player (2017/18 - 2023, 30 matches)Twenty20 Internationals player (2018 - 2022, 23 matches)Combined Test, ODI and T20I player (2017/18 - 2023)Under-19s Youth One-Day Internationals player (2015/16, 8 matches)Twenty20 matches player (2017 - 2025, 147 matches)"
1182529,Noor Ahmad,Noor Ahmad,AFG,"One-Day Internationals player (2022/23 - 2024/25, 13 matches)Twenty20 Internationals player (2022 - 2025/26, 26 matches)Combined Test, ODI and T20I player (2022 - 2025/26)Under-19s Youth One-Day Internationals player (2019 - 2021/22, 20 matches)Twenty20 matches player (2019/20 - 2026, 197 matches)"
1076376,L Scott (Liam Scott),L Scott,AUS,"Under-19s Youth One-Day Internationals player (2019 - 2019/20, 9 matches)Twenty20 matches player (2020/21 - 2025/26, 19 matches)"
391485,JO Holder (Jason Holder),JO Holder,WI,"Test matches player (2014 - 2024, 69 matches)One-Day Internationals player (2012/13 - 2023, 138 matches)Twenty20 Internationals player (2013/14 - 2025/26, 96 matches)Combined Test, ODI and T20I player (2012/13 - 2025/26)Under-19s Youth One-Day Internationals player (2009/10, 6 matches)Twenty20 matches player (2010 - 2025/26, 342 matches)"
450860,AF Milne (Adam Milne),AF Milne,NZ,"One-Day Internationals player (2012/13 - 2024/25, 50 matches)Twenty20 Internationals player (2010/11 - 2025, 56 matches)Combined Test, ODI and T20I player (2010/11 - 2025)Twenty20 matches player (2010/11 - 2025/26, 226 matches)"
227758,Imad Wasim,Imad Wasim,PAK,"One-Day Internationals player (2015 - 2020/21, 55 matches)Twenty20 Internationals player (2015 - 2024, 75 matches)Combined Test, ODI and T20I player (2015 - 2024)Under-19s Youth Test matches player (2006/07 - 2007/08, 5 matches)Under-19s Youth One-Day Internationals player (2005/06 - 2007/08, 49 matches)Twenty20 matches player (2005/06 - 2026, 424 matches)"
362201,L Gregory (Lewis Gregory),L Gregory,ENG,"One-Day Internationals player (2021, 3 matches)Twenty20 Internationals player (2019/20 - 2021, 9 matches)Combined Test, ODI and T20I player (2019/20 - 2021)Under-19s Youth Test matches player (2010 - 2010/11, 4 matches)Under-19s Youth One-Day Internationals player (2010 - 2010/11, 9 matches)Under-19s Youth Twenty20 Internationals player (2010, 1 match)Twenty20 matches player (2011 - 2025/26, 266 matches)"
298197,MA Parker (Matthew Parker),W Parker,SCOT,"One-Day Internationals player (2010, 10 matches)Twenty20 Internationals player (2011/12, 2 matches)Combined Test, ODI and T20I player (2010 - 2011/12)Twenty20 matches player (2011/12, 6 matches)"
1216350,W Parker (Wil Parker),W Parker,AUS,"Twenty20 matches player (2020/21 - 2022/23, 9 matches)"
709675,JJ Bazley (James Bazley),JJ Bazley,AUS,"Under-19s Youth One-Day Internationals player (2013/14, 9 matches)Twenty20 matches player (2014/15 - 2024/25, 48 matches)"
1080727,BM Perry (Brianna Perry),M Perry,NZ,"Women's Twenty20 player (2016/17 - 2018/19, 8 matches)"
1088619,M Perry (Mitchell Perry),M Perry,AUS,"Twenty20 matches player (2020/21 - 2025/26, 5 matches)"
414990,JT Ball (Jake Ball),JT Ball,ENG,"Test matches player (2016 - 2017/18, 4 matches)One-Day Internationals player (2016/17 - 2018, 18 matches)Twenty20 Internationals player (2018, 2 matches)Combined Test, ODI and T20I player (2016 - 2018)Under-19s Youth Test matches player (2010, 2 matches)Under-19s Youth One-Day Internationals player (2010, 1 match)Under-19s Youth Twenty20 Internationals player (2010, 1 match)Twenty20 matches player (2011 - 2025, 139 matches)"
825211,RJ Gibson (Ryan Gibson),RJ Gibson,AUS,"Twenty20 matches player (2016/17 - 2022/23, 29 matches)"
1213979,MJ Owen (Mitchell Owen),MJ Owen,AUS,"One-Day Internationals player (2025/26, 3 matches)Twenty20 Internationals player (2025 - 2025/26, 15 matches)Combined Test, ODI and T20I player (2025 - 2025/26)Twenty20 matches player (2020/21 - 2025/26, 75 matches)"
1168049,J Fraser-McGurk (Jake Fraser-McGurk),J Fraser-McGurk,AUS,"One-Day Internationals player (2023/24 - 2024/25, 7 matches)Twenty20 Internationals player (2024 - 2025, 8 matches)Combined Test, ODI and T20I player (2023/24 - 2025)Under-19s Youth One-Day Internationals player (2019 - 2019/20, 7 matches)Twenty20 matches player (2020/21 - 2025/26, 98 matches)"
1219974,SM Elliott (Sam Elliott),SM Elliott,AUS,"Twenty20 matches player (2021/22 - 2025/26, 6 matches)"
1291729,Syed Faridoun,Syed Faridoun,PAK,"Twenty20 matches player (2021/22, 1 match)"
1219972,BL Couch (Brody Couch),BL Couch,AUS,"Twenty20 matches player (2021/22 - 2025/26, 39 matches)"
858435,L Guthrie (Liam Guthrie),L Guthrie,AUS,"Under-19s Youth Test matches player (2015, 1 match)Under-19s Youth One-Day Internationals player (2015, 2 matches)Twenty20 matches player (2021/22 - 2025, 7 matches)"
643433,GHS Garton (George Garton),GHS Garton,ENG,"Twenty20 Internationals player (2021/22, 1 match)Under-19s Youth One-Day Internationals player (2015 - 2015/16, 6 matches)Twenty20 matches player (2016 - 2025/26, 122 matches)"
461632,RJW Topley (Reece Topley),RJW Topley,ENG,"One-Day Internationals player (2015 - 2024/25, 30 matches)Twenty20 Internationals player (2015 - 2024/25, 35 matches)Combined Test, ODI and T20I player (2015 - 2024/25)Under-19s Youth One-Day Internationals player (2011 - 2012, 15 matches)Twenty20 matches player (2012 - 2025/26, 207 matches)"
902907,TA Lammonby (Tom Lammonby),TA Lammonby,ENG,"Under-19s Youth Test matches player (2018/19, 2 matches)Under-19s Youth One-Day Internationals player (2017 - 2018/19, 8 matches)Under-19s Youth Twenty20 Internationals player (2018/19, 1 match)Twenty20 matches player (2019 - 2025, 84 matches)"
1170469,J Kann (Josh Kann),J Kann,AUS,"Under-19s Youth Test matches player (2018/19, 1 match)Under-19s Youth One-Day Internationals player (2018/19, 3 matches)Twenty20 matches player (2021/22, 3 matches)"
685319,TJ Kannemeyer (Thomas Kannemeyer),J Kann,SA,"Twenty20 matches player (2014/15 - 2015/16, 4 matches)"
643885,S Mahmood (Saqib Mahmood),S Mahmood,ENG,"Test matches player (2021/22, 2 matches)One-Day Internationals player (2019/20 - 2025, 17 matches)Twenty20 Internationals player (2019/20 - 2024/25, 19 matches)Combined Test, ODI and T20I player (2019/20 - 2025)Under-19s Youth Test matches player (2014 - 2015, 3 matches)Under-19s Youth One-Day Internationals player (2015 - 2015/16, 12 matches)Twenty20 matches player (2015 - 2025/26, 94 matches)"
766809,JA Thompson (Jordan Thompson),JA Thompson,ENG,"Twenty20 matches player (2018 - 2025, 127 matches)"
1062338,XA Crone (Xavier Crone),XA Crone,AUS,"Twenty20 matches player (2021/22 - 2024/25, 3 matches)"
1158100,Mohammad Hasnain,Mohammad Hasnain,PAK,"One-Day Internationals player (2018/19 - 2024/25, 15 matches)Twenty20 Internationals player (2019 - 2024/25, 28 matches)Combined Test, ODI and T20I player (2018/19 - 2024/25)Under-19s Youth One-Day Internationals player (2016/17 - 2018/19, 3 matches)Twenty20 matches player (2018/19 - 2025/26, 127 matches)"
41327,Mohammad Hasnain,Mohammad Hasnain,PAK,"Under-19s Youth One-Day Internationals player (1991/92, 3 matches)Twenty20 matches player (2004/05 - 2005/06, 4 matches)"
1249564,Ahmed Daniyal,Ahmed Daniyal,PAK,"Twenty20 Internationals player (2025, 2 matches)Twenty20 matches player (2020/21 - 2026, 52 matches)"
781297,J Seymour (James Seymour),J Seymour,AUS,"Twenty20 matches player (2021/22 - 2022/23, 14 matches)"
774211,DMK Grant (David Grant),DMK Grant,AUS,"Under-19s Youth Test matches player (2015, 2 matches)Under-19s Youth One-Day Internationals player (2014/15 - 2015/16, 9 matches)Twenty20 matches player (2021/22, 2 matches)"
499488,RH McDonald (Ronan McDonald),RH McDonald,AUS,"Twenty20 matches player (2021/22, 1 match)"
1292751,W Prestwidge (Will Prestwidge),W Prestwidge,AUS,"Twenty20 matches player (2021/22 - 2025/26, 9 matches)"
1223053,S McGiffin (Steven McGiffin),S McGiffin,AUS,"Twenty20 matches player (2021/22, 2 matches)"
826679,SD Heazlett (Sam Heazlett),SD Heazlett,AUS,"One-Day Internationals player (2016/17, 1 match)Under-19s Youth Test matches player (2015, 1 match)Under-19s Youth One-Day Internationals player (2015, 4 matches)Twenty20 matches player (2015/16 - 2022/23, 51 matches)"
1295979,W Sanders (Will Sanders),W Sanders,AUS,"Twenty20 matches player (2021/22, 2 matches)"
297482,BW Sanderson (Ben Sanderson),W Sanders,ENG,"Under-19s Youth One-Day Internationals player (2008, 4 matches)Twenty20 matches player (2010 - 2025, 107 matches)"
1089962,PG Dooley (Patrick Dooley),PG Dooley,AUS,"Twenty20 matches player (2021/22 - 2025/26, 21 matches)"
1484711,T Murphy (Tracey Murphy),T Murphy,ENG,Women's Twenty20 official (2025)
1193685,T Murphy (Todd Murphy),T Murphy,AUS,"Test matches player (2022/23 - 2024/25, 7 matches)Under-19s Youth One-Day Internationals player (2019 - 2019/20, 7 matches)Twenty20 matches player (2021/22 - 2025/26, 30 matches)"
1124290,NA McSweeney (Nathan McSweeney),NA McSweeney,AUS,"Test matches player (2024/25, 3 matches)Under-19s Youth One-Day Internationals player (2017/18, 5 matches)Twenty20 matches player (2019/20 - 2025/26, 33 matches)"
974175,Fazalhaq Farooqi,Fazalhaq Farooqi,AFG,"One-Day Internationals player (2021/22 - 2024/25, 42 matches)Twenty20 Internationals player (2020/21 - 2025/26, 54 matches)Combined Test, ODI and T20I player (2020/21 - 2025/26)Under-19s Youth One-Day Internationals player (2018/19 - 2019/20, 10 matches)Twenty20 matches player (2019/20 - 2025/26, 153 matches)"
277912,TA Boult (Trent Boult),TA Boult,NZ,"Test matches player (2011/12 - 2022, 78 matches)One-Day Internationals player (2012 - 2023/24, 114 matches)Twenty20 Internationals player (2012/13 - 2024, 61 matches)Combined Test, ODI and T20I player (2011/12 - 2024)Under-19s Youth Test matches player (2006/07, 3 matches)Under-19s Youth One-Day Internationals player (2006/07 - 2007/08, 8 matches)Twenty20 matches player (2008/09 - 2026, 293 matches)"
226318,GL Wood (Greg Wood),L Wood,ENG,"Under-19s Youth Test matches player (2006, 2 matches)Under-19s Youth One-Day Internationals player (2005/06 - 2007/08, 22 matches)"
573170,L Wood (Luke Wood),L Wood,ENG,"One-Day Internationals player (2022/23 - 2025/26, 3 matches)Twenty20 Internationals player (2022 - 2025/26, 16 matches)Combined Test, ODI and T20I player (2022 - 2025/26)Under-19s Youth Test matches player (2014, 2 matches)Under-19s Youth One-Day Internationals player (2013/14 - 2014, 6 matches)Twenty20 matches player (2016 - 2025/26, 209 matches)"
8246,WM Woodfull (Bill Woodfull),L Wood,AUS,"Test matches player (1926 - 1934, 35 matches)"
1076473,Izharulhaq Naveed,Izharulhaq Naveed,AFG,"Under-19s Youth Test matches player (2021, 1 match)Under-19s Youth One-Day Internationals player (2021 - 2021/22, 13 matches)Twenty20 matches player (2022 - 2025, 41 matches)"
55395,C de Grandhomme (Colin de Grandhomme),C de Grandhomme,NZ/ZIM,"Test matches player (2016/17 - 2022, 29 matches)One-Day Internationals player (2011/12 - 2021/22, 45 matches)Twenty20 Internationals player (2011/12 - 2021, 41 matches)Combined Test, ODI and T20I player (2011/12 - 2022)Under-19s Youth One-Day Internationals player (2003/04, 6 matches)Twenty20 matches player (2006/07 - 2023, 253 matches)"
288617,RA Whiteley (Ross Whiteley),RA Whiteley,ENG,"Twenty20 matches player (2011 - 2025, 241 matches)"
530812,AJ Hosein (Akeal Hosein),AJ Hosein,WI,"One-Day Internationals player (2020/21 - 2025/26, 40 matches)Twenty20 Internationals player (2021 - 2025/26, 96 matches)Combined Test, ODI and T20I player (2020/21 - 2025/26)Under-19s Youth One-Day Internationals player (2011/12 - 2012, 10 matches)Twenty20 matches player (2014 - 2025/26, 273 matches)"
793447,Naveen-ul-Haq,Naveen-ul-Haq,AFG,"One-Day Internationals player (2016/17 - 2023/24, 15 matches)Twenty20 Internationals player (2019 - 2024/25, 48 matches)Combined Test, ODI and T20I player (2016/17 - 2024/25)Under-19s Youth One-Day Internationals player (2017/18, 12 matches)Twenty20 matches player (2016/17 - 2025/26, 223 matches)"
355269,JDS Neesham (James Neesham),JDS Neesham,NZ,"Test matches player (2013/14 - 2016/17, 12 matches)One-Day Internationals player (2012/13 - 2023/24, 76 matches)Twenty20 Internationals player (2012/13 - 2025/26, 105 matches)Combined Test, ODI and T20I player (2012/13 - 2025/26)Under-19s Youth Test matches player (2008, 1 match)Under-19s Youth One-Day Internationals player (2008 - 2009/10, 11 matches)Twenty20 matches player (2009/10 - 2025/26, 344 matches)"
51648,O Davies (Owen Davies),O Davies,WI,Test matches official (1961/62 - 1964/65)
681117,Faheem Ashraf,Faheem Ashraf,PAK,"Test matches player (2018 - 2023/24, 17 matches)One-Day Internationals player (2017 - 2025/26, 45 matches)Twenty20 Internationals player (2017/18 - 2025/26, 85 matches)Combined Test, ODI and T20I player (2017 - 2025/26)Twenty20 matches player (2015/16 - 2026, 266 matches)"
1176051,Sajjad Hossain,JA Davies,BAN,"Twenty20 matches player (2018/19, 2 matches)"
323223,R Jangid (Ravi Jangid),JA Davies,IND,"Twenty20 matches player (2009/10 - 2018/19, 51 matches)"
279676,V Boon (Vijay Boon),JA Davies,IND,"Twenty20 matches player (2006/07, 3 matches)"
341159,BN Jadeja (Balkrishna Jadeja),JA Davies,IND,"Twenty20 matches player (2009/10, 4 matches)"
279555,S Sofi (Sajad Sofi),JA Davies,IND,"Twenty20 matches player (2011/12, 2 matches)"
1254584,J Thomas (Jamie Thomas),JA Davies,AUS,Women's Twenty20 official (2021/22 - 2024/25)
798119,TS Hasabnis (Tejal Hasabnis),JA Davies,IND,"Women's One-Day Internationals player (2024/25, 6 matches)Women's Twenty20 player (2025/26, 5 matches)"
1444109,Aaditya Varadarajan,JA Davies,CAN,"One-Day Internationals player (2024, 3 matches)"
1484757,Aaishah Amjad,JA Davies,ENG,"Women's Twenty20 player (2025, 1 match)"
598980,Aamer Ijaz,JA Davies,PAK,"Twenty20 matches player (2015/16, 8 matches)"
793441,Aamer Jamal,JA Davies,PAK,"Test matches player (2023/24 - 2024/25, 8 matches)One-Day Internationals player (2024/25, 3 matches)Twenty20 Internationals player (2022 - 2023/24, 6 matches)Combined Test, ODI and T20I player (2022 - 2024/25)Twenty20 matches player (2021/22 - 2026, 62 matches)"
39324,Aamer Sajjad,JA Davies,PAK,"Twenty20 matches player (2004/05 - 2013/14, 28 matches)"
38970,Aaqib Javed,JA Davies,PAK,"Test matches player (1988/89 - 1998/99, 22 matches)One-Day Internationals player (1988/89 - 1998/99, 163 matches)Combined Test, ODI and T20I player (1988/89 - 1998/99)Under-19s Youth One-Day Internationals player (1987/88, 3 matches)"
1505665,Aarav Mahajan,JA Davies,IND,"Twenty20 matches player (2025/26, 3 matches)"
1198877,Abdullah Akbarjan,JA Davies,AUT,"Twenty20 Internationals player (2019 - 2024, 35 matches)Twenty20 matches player (2019 - 2024, 35 matches)"
394867,Abdullah Jan,JA Davies,PAK,"Twenty20 matches player (2009, 1 match)"
1159860,Abdullah Jasat,JA Davies,PAN,"Twenty20 Internationals player (2021/22 - 2023/24, 10 matches)Twenty20 matches player (2021/22 - 2023/24, 10 matches)"
1271987,Abdulmalik Jabarkhel,JA Davies,Fran,"Twenty20 Internationals player (2022, 2 matches)Twenty20 matches player (2022, 2 matches)"
313526,Abdul Jabbar,JA Davies,CAN,"One-Day Internationals player (2007/08, 2 matches)"
448241,Abdul Jabbar,JA Davies,PAK,"Twenty20 matches player (2009/10, 2 matches)"
1193008,Abdul Jabbar,JA Davies,QAT,Twenty20 Internationals official (2019/20 - 2025/26)Women's Twenty20 Internationals official (2019/20 - 2021/22)Twenty20 matches official (2019/20 - 2025/26)Women's Twenty20 official (2019/20 - 2021/22)
1204125,Abhijeet Ahuja,JA Davies,HUN,"Twenty20 Internationals player (2021 - 2023, 19 matches)Twenty20 matches player (2021 - 2023, 19 matches)"
1204126,Abhishek Ahuja,JA Davies,HUN,"Twenty20 Internationals player (2022 - 2024, 17 matches)Twenty20 matches player (2022 - 2024, 17 matches)"
410763,Abu Jayed,JA Davies,BAN,"Test matches player (2018 - 2021/22, 13 matches)One-Day Internationals player (2019, 2 matches)Twenty20 Internationals player (2017/18 - 2018, 3 matches)Combined Test, ODI and T20I player (2017/18 - 2021/22)Under-19s Youth Test matches player (2009, 2 matches)Under-19s Youth One-Day Internationals player (2011/12 - 2012, 4 matches)Under-19s Youth Twenty20 Internationals player (2009, 1 match)Twenty20 matches player (2013 - 2025/26, 93 matches)"
24978,Adeel Raja,JA Davies,NED,"One-Day Internationals player (2002/03 - 2010/11, 21 matches)Under-19s Youth One-Day Internationals player (1999/00, 6 matches)"
1300584,Aditya Jadeja,JA Davies,IND,"Twenty20 matches player (2023/24, 7 matches)"
26507,Aditya Jain,JA Davies,IND,"Under-19s Youth Test matches player (2004/05, 1 match)Twenty20 matches player (2006/07, 1 match)"
266315,Afjalur Rahman,JA Davies,BAN,Women's One-Day Internationals official (2008/09)Under-19s Youth Test matches official (2009)
1434170,PN Agarwal (Pooja Agarwal),JA Davies,LUX,"Women's Twenty20 Internationals player (2024 - 2025, 12 matches)Women's Twenty20 player (2024 - 2025, 12 matches)"
39463,Agha Javed,JA Davies,PAK,"Under-19s Youth Test matches player (1988/89, 3 matches)"
1399355,JKC Ahir (Jay Ahir),JA Davies,PAN,"Twenty20 Internationals player (2023/24, 3 matches)Twenty20 matches player (2023/24, 3 matches)"
213076,JS Ahmed (Jahid Ahmed),JA Davies,ENG,"Twenty20 matches player (2006, 2 matches)"
1125687,RK Ahmed (Rajjakuddin Ahmed),JA Davies,IND,"Twenty20 matches player (2017/18 - 2022/23, 32 matches)"
434662,Ahmed Jamal,JA Davies,PAK,"Twenty20 matches player (2009/10 - 2017/18, 34 matches)"
317256,Ahsan Jamil,JA Davies,PAK,"Twenty20 matches player (2015 - 2019/20, 4 matches)"
463056,KK Ahuja (Kaushal Kumar),JA Davies,MEX,"Twenty20 Internationals player (2019 - 2025/26, 18 matches)Twenty20 matches player (2019 - 2025/26, 18 matches)"
1255560,KS Ahuja (Kanika Ahuja),JA Davies,IND,"Women's Twenty20 Internationals player (2023 - 2023/24, 3 matches)Women's Twenty20 player (2022/23 - 2025/26, 27 matches)"
1081218,SA Ahuja (Suraj Ahuja),JA Davies,IND,"Under-19s Youth Test matches player (2018/19, 2 matches)Twenty20 matches player (2021/22 - 2025/26, 21 matches)"
25661,Aijaz Ali,JA Davies,USA,"One-Day Internationals player (2004, 2 matches)"
54982,Aisha Jalil,JA Davies,PAK,"Women's One-Day Internationals player (1996/97, 3 matches)"
554202,Ajatshatru Singh,JA Davies,IND,"Twenty20 matches player (2012/13, 3 matches)"
1511696,Ajay Kumar,JA Davies,UAE,"Twenty20 matches player (2025/26, 12 matches)"
481047,M Ajay Kumar (Ajay Kumar),JA Davies,IND,"Twenty20 matches player (2015/16, 1 match)"
923639,K Ajay Singh (Kukna Ajay Singh),JA Davies,IND,"Twenty20 matches player (2015/16 - 2025/26, 4 matches)"
594021,Ajay Verma,JA Davies,IND,Twenty20 matches official (2015/16 - 2022/23)
1163144,Ajaz Patel,JA Davies,LES,"Twenty20 Internationals player (2025/26, 2 matches)Twenty20 matches player (2025/26, 2 matches)"
1203669,Akif Javed,JA Davies,PAK,"One-Day Internationals player (2024/25, 3 matches)Twenty20 matches player (2019/20 - 2026, 80 matches)"
681067,Akif Raja,JA Davies,UAE/PAK,"One-Day Internationals player (2021/22 - 2022, 5 matches)Twenty20 Internationals player (2021/22 - 2025, 23 matches)Combined Test, ODI and T20I player (2021/22 - 2025)Twenty20 matches player (2021/22 - 2025, 35 matches)"
1161581,S Akshay Jain,JA Davies,IND,"Twenty20 matches player (2018/19 - 2022/23, 7 matches)"
1307967,J Alaare (Janet Alaare),JA Davies,GHA,"Women's Twenty20 Internationals player (2021/22, 3 matches)Women's Twenty20 player (2021/22, 3 matches)"
36175,JC Alabaster (Jack Alabaster),JA Davies,NZ,"Test matches player (1955/56 - 1971/72, 21 matches)"
1479982,FZ Albanjari (Fatimah Albanjari),JA Davies,INA,"Women's Twenty20 Internationals player (2025 - 2025/26, 3 matches)Women's Twenty20 player (2025 - 2025/26, 3 matches)"
1360162,JDP Albertze (Jacob Albertze),JA Davies,BER,"Twenty20 Internationals player (2022/23, 4 matches)Twenty20 matches player (2022/23, 4 matches)"
1267508,J Albin (Jacob Albin),JA Davies,BUL,"Twenty20 Internationals player (2021 - 2022, 25 matches)Twenty20 matches player (2021 - 2022, 25 matches)"
1072586,J Alder (Jarred Alder),JA Davies,SA,"Twenty20 matches player (2021/22, 2 matches)"
1476261,J Alexander (Jaco Alexander),JA Davies,Falk,"Twenty20 Internationals player (2024/25, 6 matches)Twenty20 matches player (2024/25, 6 matches)"
24687,RW Ali (Rajab Ali),JA Davies,KENYA,"One-Day Internationals player (1995/96 - 1997/98, 9 matches)"
48207,AC Alirajah (Ajith Alirajah),JA Davies,SL,"Under-19s Youth Test matches player (1986/87, 3 matches)Under-19s Youth One-Day Internationals player (1987/88, 5 matches)"
274007,Ali Jawad,JA Davies,PAK,"Under-19s Youth One-Day Internationals player (2007, 3 matches)"
1326486,JD Allan (Jarryd Allan),JA Davies,VAN,"Twenty20 Internationals player (2022 - 2023/24, 16 matches)Twenty20 matches player (2022 - 2023/24, 16 matches)"
893369,J Allen (Jaimin Allen),JA Davies,BRA,"Twenty20 Internationals player (2019/20, 2 matches)Twenty20 matches player (2019/20, 2 matches)"
1282072,JE Allen (Jade Allen),JA Davies,AUS,"Women's Twenty20 player (2021/22 - 2024/25, 11 matches)"
256484,Al Maseera Jahangir,JA Davies,UAE,"Women's One-Day Internationals player (2025/26, 3 matches)Women's Twenty20 Internationals player (2023 - 2025/26, 10 matches)Women's Twenty20 player (2023 - 2025/26, 13 matches)"
1207340,JC Aly (Jamie Aly),JA Davies,MWI,Women's Twenty20 Internationals official (2019/20)Women's Twenty20 official (2019/20)
1437202,Amal Jacob,JA Davies,HUN,"Twenty20 Internationals player (2024 - 2025, 16 matches)Twenty20 matches player (2024 - 2025, 16 matches)"
1429906,O Amarjargal (Oyunsuvd Amarjargal),JA Davies,MNG,"Women's Twenty20 Internationals player (2024 - 2025, 22 matches)Women's Twenty20 player (2024 - 2025, 22 matches)"
1499369,Amaya Rajapaksha,JA Davies,ITA,"Women's Twenty20 Internationals player (2025, 3 matches)Women's Twenty20 player (2025, 3 matches)"
48118,AMJG Amerasinghe (Jayantha Amerasinghe),JA Davies,SL,"Test matches player (1983/84, 2 matches)Under-19s Youth One-Day Internationals official (2009/10)Twenty20 matches official (2011 - 2011/12)"
332980,CJA Amini (Charles Amini),JA Davies,PNG,"One-Day Internationals player (2014/15 - 2023, 49 matches)Twenty20 Internationals player (2015 - 2024, 59 matches)Combined Test, ODI and T20I player (2014/15 - 2024)Under-19s Youth One-Day Internationals player (2007/08 - 2012, 13 matches)Twenty20 matches player (2013/14 - 2024, 71 matches)"
1500157,Amir Javed,JA Davies,AUT,Twenty20 Internationals official (2025)Twenty20 matches official (2025)
39745,Amjad Ali,JA Davies,UAE/PAK,"One-Day Internationals player (2008 - 2015/16, 17 matches)Twenty20 Internationals player (2013/14 - 2015/16, 5 matches)Combined Test, ODI and T20I player (2008 - 2015/16)Twenty20 matches player (2010 - 2015/16, 8 matches)"
25613,Amjad Javed,JA Davies,UAE,"One-Day Internationals player (2008 - 2017, 15 matches)Twenty20 Internationals player (2013/14 - 2017, 22 matches)Combined Test, ODI and T20I player (2008 - 2017)Twenty20 matches player (2010 - 2017, 37 matches)"
663413,Amjad Khan,JA Davies,UAE,"Twenty20 Internationals player (2015/16 - 2016/17, 4 matches)Twenty20 matches player (2015/16 - 2016/17, 4 matches)"
554068,Amjad Mahboob,JA Davies,SGP,"Twenty20 Internationals player (2019 - 2023, 30 matches)Twenty20 matches player (2019 - 2023, 30 matches)"
1194056,Amjad Sher,JA Davies,FIN,"Twenty20 Internationals player (2019 - 2025, 40 matches)Twenty20 matches player (2019 - 2025, 40 matches)"
223446,Amjad Waqas,JA Davies,PAK,"Twenty20 matches player (2005/06 - 2012/13, 13 matches)"
1050053,Amna Jamal,JA Davies,SGP,"Women's Twenty20 Internationals player (2019, 4 matches)Women's Twenty20 player (2019, 4 matches)"
376245,J Anand (Jagrit Anand),JA Davies,IND,"Twenty20 matches player (2011/12 - 2014/15, 15 matches)"
26797,Anand Rajan,JA Davies,IND,"Under-19s Youth One-Day Internationals player (2004/05 - 2005/06, 6 matches)Twenty20 matches player (2006/07 - 2013, 31 matches)"
914477,T Anantharajah (Thursaanth Anantharajah),JA Davies,CAN,"Under-19s Youth One-Day Internationals player (2015/16, 4 matches)"
362044,J Anderson (Jason Anderson),JA Davies,BER,"Twenty20 matches player (2011/12, 9 matches)"
8608,JM Anderson (James Anderson),JA Davies,ENG,"Test matches player (2003 - 2024, 188 matches)One-Day Internationals player (2002/03 - 2014/15, 194 matches)Twenty20 Internationals player (2006/07 - 2009/10, 19 matches)Combined Test, ODI and T20I player (2002/03 - 2024)Under-19s Youth Test matches player (2001, 3 matches)Twenty20 matches player (2004 - 2025, 58 matches)"
1143148,Andre Jarju,JA Davies,GMB,"Twenty20 Internationals player (2022/23 - 2024/25, 11 matches)Twenty20 matches player (2022/23 - 2024/25, 11 matches)"
779619,Anjali Chand,JA Davies,NEP,"Women's Twenty20 Internationals player (2019/20, 3 matches)Women's Twenty20 player (2019/20, 3 matches)"
960673,K Anjali Sarvani (Anjali Sarvani),JA Davies,IND,"Women's Twenty20 Internationals player (2022/23, 6 matches)Women's Twenty20 player (2022/23 - 2024/25, 20 matches)"
1434194,Anjali Soni,JA Davies,BEL,"Women's Twenty20 Internationals player (2024, 1 match)Women's Twenty20 player (2024, 1 match)"
1257784,G Anjana (Gihan Anjana),JA Davies,SL,"Twenty20 matches player (2022, 7 matches)"
1175614,H Anjana (Hasindu Anjana),JA Davies,SL,"Twenty20 matches player (2018/19, 1 match)"
23800,S Anjaria (Soham Anjaria),JA Davies,CAN,"Under-19s Youth One-Day Internationals player (2001/02 - 2003/04, 11 matches)"
1082745,Anjar Tadarus,JA Davies,INA,"Twenty20 Internationals player (2022/23 - 2025/26, 73 matches)Twenty20 matches player (2022/23 - 2025/26, 73 matches)"
316306,Ansar Javed,JA Davies,PAK,"Twenty20 matches player (2009 - 2014/15, 11 matches)"
8923,JE Anyon (James Anyon),JA Davies,ENG,"Twenty20 matches player (2005 - 2014, 26 matches)"
24857,GJAF Aponso (Flavian Aponso),JA Davies,NED,"One-Day Internationals player (1995/96, 5 matches)"
716687,Aqib Javed,JA Davies,PAK,"Twenty20 matches player (2013/14 - 2015/16, 6 matches)"
960369,Armaan Jaffer,JA Davies,IND,"Under-19s Youth One-Day Internationals player (2015/16, 6 matches)Twenty20 matches player (2016/17, 1 match)"
1447747,SM Arooja (Stella Arooja),JA Davies,MLT,"Women's Twenty20 Internationals player (2024 - 2025, 11 matches)Women's Twenty20 player (2024 - 2025, 11 matches)"
1320549,Arslan Amjad,JA Davies,EST,"Twenty20 Internationals player (2022 - 2025, 28 matches)Twenty20 matches player (2022 - 2025, 28 matches)"
26291,J Arunkumar (Jagadeesh Arunkumar),JA Davies,IND,"Under-19s Youth Test matches player (1994, 2 matches)Under-19s Youth One-Day Internationals player (1993/94 - 1994, 4 matches)Twenty20 matches player (2006/07 - 2007/08, 7 matches)"
1512065,Asif Javed,JA Davies,BHR,"Twenty20 Internationals player (2025/26, 7 matches)Twenty20 matches player (2025/26, 7 matches)"
1475816,Aslan Jafri,JA Davies,SGP,"Twenty20 Internationals player (2024/25 - 2025/26, 10 matches)Twenty20 matches player (2024/25 - 2025/26, 10 matches)"
1295842,C Kellaway (Campbell Kellaway),C Kellaway,AUS,"Under-19s Youth One-Day Internationals player (2021/22, 6 matches)Twenty20 matches player (2022/23 - 2025/26, 21 matches)"
4613,AN Connolly (Alan Connolly),C Connolly,AUS,"Test matches player (1963/64 - 1970/71, 29 matches)One-Day Internationals player (1970/71, 1 match)Combined Test, ODI and T20I player (1963/64 - 1970/71)"
1210488,CPL Connolly (Cooper Connolly),C Connolly,AUS,"Test matches player (2024/25, 1 match)One-Day Internationals player (2024 - 2025/26, 8 matches)Twenty20 Internationals player (2024 - 2025/26, 11 matches)Combined Test, ODI and T20I player (2024 - 2025/26)Under-19s Youth One-Day Internationals player (2019/20 - 2021/22, 8 matches)Twenty20 matches player (2022/23 - 2026, 53 matches)"
257505,J Connolly (Joe Connolly),C Connolly,IRE,Women's One-Day Internationals official (2006)
696849,JM Connolly (Jonathan Connolly),C Connolly,ZIM,"Under-19s Youth One-Day Internationals player (2016/17 - 2017/18, 10 matches)"
776695,MJJ Critchley (Matt Critchley),MJJ Critchley,ENG,"Twenty20 matches player (2016 - 2025, 155 matches)"
494838,RP Kellepotha (Ruwantha Kellepotha),RP Kellepotha,SL,"Twenty20 matches player (2022/23 - 2023/24, 3 matches)"
1123718,SH Johnson (Spencer Johnson),SH Johnson,AUS/ITA,"One-Day Internationals player (2023/24 - 2024/25, 5 matches)Twenty20 Internationals player (2023/24 - 2024/25, 8 matches)Combined Test, ODI and T20I player (2023/24 - 2024/25)Twenty20 matches player (2022/23 - 2025, 71 matches)"
362710,DA Payne (David Payne),DA Payne,ENG,"One-Day Internationals player (2022, 1 match)Under-19s Youth Test matches player (2010, 1 match)Under-19s Youth One-Day Internationals player (2009 - 2010, 13 matches)Under-19s Youth Twenty20 Internationals player (2009 - 2010, 3 matches)Twenty20 matches player (2010 - 2026, 234 matches)"
1205981,CJ Rocchiccioli (Corey Rocchiccioli),CJ Rocchiccioli,AUS,"Twenty20 matches player (2022/23 - 2023/24, 5 matches)"
1215848,RR Pawson (Ross Pawson),RR Pawson,AUS,"Twenty20 matches player (2022/23, 1 match)"
457279,OP Stone (Olly Stone),OP Stone,ENG,"Test matches player (2019 - 2024, 5 matches)One-Day Internationals player (2018/19 - 2024, 10 matches)Twenty20 Internationals player (2022, 1 match)Combined Test, ODI and T20I player (2018/19 - 2024)Under-19s Youth Test matches player (2012/13, 2 matches)Under-19s Youth One-Day Internationals player (2012/13, 3 matches)Twenty20 matches player (2011 - 2025/26, 122 matches)"
647667,Usama Mir,Usama Mir,PAK,"One-Day Internationals player (2022/23 - 2023/24, 12 matches)Twenty20 Internationals player (2023/24 - 2024, 5 matches)Combined Test, ODI and T20I player (2022/23 - 2024)Twenty20 matches player (2013 - 2026, 169 matches)"
211855,LA Dawson (Liam Dawson),LA Dawson,ENG,"Test matches player (2016/17 - 2025, 4 matches)One-Day Internationals player (2016 - 2025/26, 9 matches)Twenty20 Internationals player (2016 - 2025/26, 32 matches)Combined Test, ODI and T20I player (2016 - 2025/26)Under-19s Youth Test matches player (2007 - 2008, 4 matches)Under-19s Youth One-Day Internationals player (2006/07 - 2008/09, 29 matches)Under-19s Youth Twenty20 Internationals player (2008/09, 1 match)Twenty20 matches player (2008 - 2025/26, 344 matches)"
909225,PI Walter (Paul Walter),PI Walter,ENG,"Twenty20 matches player (2016 - 2025, 174 matches)"
1088610,J Edwards (Jack Edwards),J Edwards,AUS,"Twenty20 Internationals player (2025/26, 1 match)Under-19s Youth Test matches player (2017, 1 match)Under-19s Youth One-Day Internationals player (2017 - 2017/18, 8 matches)Twenty20 matches player (2018/19 - 2025/26, 77 matches)"
332951,J Edwards (Juari Edwards),J Edwards,WI,"Twenty20 matches player (2007/08, 2 matches)"
12675,NJ Edwards (Neil Edwards),J Edwards,ENG,"Under-19s Youth Test matches player (2002/03 - 2003, 4 matches)Under-19s Youth One-Day Internationals player (2002/03, 5 matches)Twenty20 matches player (2003, 1 match)"
5126,WJ Edwards (Wally Edwards),J Edwards,AUS,"Test matches player (1974/75, 3 matches)One-Day Internationals player (1974/75, 1 match)Combined Test, ODI and T20I player (1974/75)"
277662,CJ Anderson (Corey Anderson),CJ Anderson,USA/NZ,"Test matches player (2013/14 - 2015/16, 13 matches)One-Day Internationals player (2013 - 2017, 49 matches)Twenty20 Internationals player (2012/13 - 2024, 42 matches)Combined Test, ODI and T20I player (2012/13 - 2024)Under-19s Youth Test matches player (2006/07, 3 matches)Under-19s Youth One-Day Internationals player (2006/07 - 2009/10, 13 matches)Twenty20 matches player (2008/09 - 2025, 190 matches)"
36189,CJ Anderson (Carl Anderson),CJ Anderson,NZ,"Twenty20 matches player (2005/06, 2 matches)"
1272475,Zaman Khan,Zaman Khan,PAK,"One-Day Internationals player (2023, 1 match)Twenty20 Internationals player (2022/23 - 2024, 10 matches)Combined Test, ODI and T20I player (2022/23 - 2024)Twenty20 matches player (2021/22 - 2025/26, 120 matches)"
1337527,H McKenzie (Hamish McKenzie),H McKenzie,AUS,"Twenty20 matches player (2023/24 - 2024/25, 6 matches)"
1490835,MKQS McKenzie (Micah McKenzie),H McKenzie,WI,"Under-19s Youth One-Day Internationals player (2025/26, 7 matches)"
510530,J Overton (Jamie Overton),J Overton,ENG,"Test matches player (2022 - 2025, 2 matches)One-Day Internationals player (2024/25 - 2025/26, 13 matches)Twenty20 Internationals player (2024 - 2025/26, 24 matches)Combined Test, ODI and T20I player (2022 - 2025/26)Under-19s Youth One-Day Internationals player (2011 - 2012/13, 16 matches)Twenty20 matches player (2015 - 2026, 199 matches)"
1079380,N Chaudhary (Nikhil Chaudhary),Nikhil Chaudhary,AUS/IND,"Twenty20 matches player (2016/17 - 2025/26, 48 matches)"
1304286,F O'Neill (Fergus O'Neill),F O'Neill,AUS,"Twenty20 matches player (2023/24 - 2025/26, 12 matches)"
1119438,F Odhiambo (Flavia Odhiambo),F O'Neill,KENYA,"Women's Twenty20 Internationals player (2019/20 - 2024/25, 56 matches)Women's Twenty20 player (2019/20 - 2024/25, 56 matches)"
1452274,F Ogilby (Freddie Ogilby),F O'Neill,IRE,"Under-19s Youth One-Day Internationals player (2024 - 2025/26, 13 matches)"
54661,CFF Oudolf (Cheraldine Oudolf),F O'Neill,NED,"Women's One-Day Internationals player (1995 - 2009, 36 matches)Women's Twenty20 Internationals player (2008 - 2009, 2 matches)Women's Twenty20 player (2008 - 2009, 2 matches)"
1185796,F Overdijk (Frederique Overdijk),F O'Neill,NED,"Women's One-Day Internationals player (2022 - 2024, 13 matches)Women's Twenty20 Internationals player (2019 - 2025/26, 62 matches)Women's Twenty20 player (2019 - 2025/26, 62 matches)"
38065,GWF Overton (Guy Overton),F O'Neill,NZ,"Test matches player (1953/54, 3 matches)"
1345807,TW Gray (Toby Gray),TW Gray,AUS,"Twenty20 matches player (2023/24, 1 match)"
1492928,Hassan Khan,Hassan Khan,GER,"Twenty20 Internationals player (2025, 6 matches)Twenty20 matches player (2025, 6 matches)"
959789,Hassan Khan,Hassan Khan,PAK/USA,"Under-19s Youth One-Day Internationals player (2015/16 - 2017/18, 23 matches)Twenty20 matches player (2016/17 - 2026, 107 matches)"
1058795,Hassan Khan Mohammad,Hassan Khan,HKG,"Twenty20 Internationals player (2019/20 - 2025/26, 5 matches)Twenty20 matches player (2019/20 - 2025/26, 6 matches)"
1462831,Mohammad Hassan Khan,Hassan Khan,PAK,"Under-19s Youth One-Day Internationals player (2024/25, 1 match)"
493773,LH Ferguson (Lockie Ferguson),LH Ferguson,NZ,"Test matches player (2019/20, 1 match)One-Day Internationals player (2016/17 - 2023/24, 65 matches)Twenty20 Internationals player (2016/17 - 2025/26, 54 matches)Combined Test, ODI and T20I player (2016/17 - 2025/26)Twenty20 matches player (2013/14 - 2025/26, 208 matches)"
670013,FA Allen (Fabian Allen),FA Allen,WI,"One-Day Internationals player (2018/19 - 2021/22, 20 matches)Twenty20 Internationals player (2018/19 - 2025, 42 matches)Combined Test, ODI and T20I player (2018/19 - 2025)Under-19s Youth One-Day Internationals player (2013/14, 11 matches)Twenty20 matches player (2017 - 2025, 162 matches)"
1295847,T Whitney (Tom Whitney),T Whitney,AUS,"Under-19s Youth One-Day Internationals player (2021/22, 5 matches)Twenty20 matches player (2024/25, 2 matches)"
22314,A Warren (Arnold Warren),D Warren,ENG,"Test matches player (1905, 1 match)"
1409049,D Warren (Doug Warren),D Warren,AUS,"Twenty20 matches player (2024/25, 3 matches)"
1108490,Waqar Salamkheil,Waqar Salamkheil,AFG,"Test matches player (2018/19, 1 match)Twenty20 matches player (2018/19 - 2025/26, 101 matches)"
1062334,M Spoors (Matthew Spoors),M Spoors,CAN,"One-Day Internationals player (2023, 5 matches)Twenty20 Internationals player (2021/22 - 2022/23, 10 matches)Combined Test, ODI and T20I player (2021/22 - 2023)Under-19s Youth Test matches player (2017, 1 match)Under-19s Youth One-Day Internationals player (2017 - 2017/18, 6 matches)Twenty20 matches player (2021/22 - 2025/26, 18 matches)"
1194959,JG Bethell (Jacob Bethell),JG Bethell,ENG,"Test matches player (2024/25 - 2025/26, 6 matches)One-Day Internationals player (2024 - 2025/26, 21 matches)Twenty20 Internationals player (2024 - 2025/26, 31 matches)Combined Test, ODI and T20I player (2024 - 2025/26)Under-19s Youth Test matches player (2022/23, 2 matches)Under-19s Youth One-Day Internationals player (2021 - 2022, 16 matches)Twenty20 matches player (2021 - 2025/26, 97 matches)"
914541,SE Rutherford (Sherfane Rutherford),SE Rutherford,WI,"One-Day Internationals player (2023/24 - 2025/26, 22 matches)Twenty20 Internationals player (2018/19 - 2025/26, 53 matches)Combined Test, ODI and T20I player (2018/19 - 2025/26)Twenty20 matches player (2018 - 2026, 251 matches)"
1363432,L Haskett (Liam Haskett),L Haskett,AUS,"Twenty20 matches player (2024/25 - 2025/26, 5 matches)"
1303197,JS Buckingham (Jordan Buckingham),JS Buckingham,AUS,"Twenty20 matches player (2024/25, 3 matches)"
1393948,M Beardman (Mahli Beardman),M Beardman,AUS,"Twenty20 Internationals player (2025/26, 1 match)Under-19s Youth Test matches player (2023, 1 match)Under-19s Youth One-Day Internationals player (2023 - 2023/24, 9 matches)Twenty20 matches player (2024/25 - 2025/26, 14 matches)"
1446918,C Stow (Callum Stow),C Stow,AUS,"Twenty20 matches player (2024/25 - 2025/26, 11 matches)"
1152986,JA Chohan (Jafer Chohan),JA Chohan,ENG,"Twenty20 matches player (2023 - 2025/26, 46 matches)"
1469223,M Bean (Marcus Bean),M Bean,AUS,"Twenty20 matches player (2024/25, 2 matches)"
1223047,JSC Brown (Josh Brown),Josh Brown,AUS,"Twenty20 matches player (2022/23 - 2025/26, 50 matches)"
